DATAFLOW,LAST UPDATE,freq,unit,lev_limit,age,sex,geo,TIME_PERIOD,OBS_VALUE,OBS_FLAG
ESTAT:HLTH_DM050(1.0),19/11/21 23:00:00,A,PC,SM_SEV,Y_GE16,T,AL,2017,31.7,
ESTAT:HLTH_DM050(1.0),19/11/21 23:00:00,A,PC,SM_SEV,Y_GE16,T,AL,2018,29.6,
ESTAT:HLTH_DM050(1.0),19/11/21 23:00:00,A,PC,SM_SEV,Y_GE16,T,AL,2019,30.4,
ESTAT:HLTH_DM050(1.0),19/11/21 23:00:00,A,PC,SM_SEV,Y_GE16,T,AT,2011,7.8,
ESTAT:HLTH_DM050(1.0),19/11/21 23:00:00,A,PC,SM_SEV,Y_GE16,T,AT,2012,7.5,
ESTAT:HLTH_DM050(1.0),19/11/21 23:00:00,A,PC,SM_SEV,Y_GE16,T,AT,2013,7.6,
ESTAT:HLTH_DM050(1.0),19/11/21 23:00:00,A,PC,SM_SEV,Y_GE16,T,AT,2014,6.7,
ESTAT:HLTH_DM050(1.0),19/11/21 23:00:00,A,PC,SM_SEV,Y_GE16,T,AT,2015,7.5,
ESTAT:HLTH_DM050(1.0),19/11/21 23:00:00,A,PC,SM_SEV,Y_GE16,T,AT,2016,7.6,
ESTAT:HLTH_DM050(1.0),19/11/21 23:00:00,A,PC,SM_SEV,Y_GE16,T,AT,2017,6.7,
ESTAT:HLTH_DM050(1.0),19/11/21 23:00:00,A,PC,SM_SEV,Y_GE16,T,AT,2018,6.5,
ESTAT:HLTH_DM050(1.0),19/11/21 23:00:00,A,PC,SM_SEV,Y_GE16,T,AT,2019,6.6,
ESTAT:HLTH_DM050(1.0),19/11/21 23:00:00,A,PC,SM_SEV,Y_GE16,T,AT,2020,6.2,
ESTAT:HLTH_DM050(1.0),19/11/21 23:00:00,A,PC,SM_SEV,Y_GE16,T,BE,2011,9.3,
ESTAT:HLTH_DM050(1.0),19/11/21 23:00:00,A,PC,SM_SEV,Y_GE16,T,BE,2012,8.4,
ESTAT:HLTH_DM050(1.0),19/11/21 23:00:00,A,PC,SM_SEV,Y_GE16,T,BE,2013,7.0,
ESTAT:HLTH_DM050(1.0),19/11/21 23:00:00,A,PC,SM_SEV,Y_GE16,T,BE,2014,8.8,
ESTAT:HLTH_DM050(1.0),19/11/21 23:00:00,A,PC,SM_SEV,Y_GE16,T,BE,2015,8.6,
ESTAT:HLTH_DM050(1.0),19/11/21 23:00:00,A,PC,SM_SEV,Y_GE16,T,BE,2016,8.8,
ESTAT:HLTH_DM050(1.0),19/11/21 23:00:00,A,PC,SM_SEV,Y_GE16,T,BE,2017,8.5,
ESTAT:HLTH_DM050(1.0),19/11/21 23:00:00,A,PC,SM_SEV,Y_GE16,T,BE,2018,8.0,
ESTAT:HLTH_DM050(1.0),19/11/21 23:00:00,A,PC,SM_SEV,Y_GE16,T,BE,2019,7.7,b
ESTAT:HLTH_DM050(1.0),19/11/21 23:00:00,A,PC,SM_SEV,Y_GE16,T,BE,2020,7.4,b
ESTAT:HLTH_DM050(1.0),19/11/21 23:00:00,A,PC,SM_SEV,Y_GE16,T,BG,2011,36.3,
ESTAT:HLTH_DM050(1.0),19/11/21 23:00:00,A,PC,SM_SEV,Y_GE16,T,BG,2012,34.6,
ESTAT:HLTH_DM050(1.0),19/11/21 23:00:00,A,PC,SM_SEV,Y_GE16,T,BG,2013,37.6,
ESTAT:HLTH_DM050(1.0),19/11/21 23:00:00,A,PC,SM_SEV,Y_GE16,T,BG,2014,37.6,
ESTAT:HLTH_DM050(1.0),19/11/21 23:00:00,A,PC,SM_SEV,Y_GE16,T,BG,2015,36.2,
ESTAT:HLTH_DM050(1.0),19/11/21 23:00:00,A,PC,SM_SEV,Y_GE16,T,BG,2016,36.6,
ESTAT:HLTH_DM050(1.0),19/11/21 23:00:00,A,PC,SM_SEV,Y_GE16,T,BG,2017,36.7,
ESTAT:HLTH_DM050(1.0),19/11/21 23:00:00,A,PC,SM_SEV,Y_GE16,T,BG,2018,34.9,
ESTAT:HLTH_DM050(1.0),19/11/21 23:00:00,A,PC,SM_SEV,Y_GE16,T,BG,2019,32.3,
ESTAT:HLTH_DM050(1.0),19/11/21 23:00:00,A,PC,SM_SEV,Y_GE16,T,BG,2020,29.8,
ESTAT:HLTH_DM050(1.0),19/11/21 23:00:00,A,PC,SM_SEV,Y_GE16,T,CH,2011,6.9,
ESTAT:HLTH_DM050(1.0),19/11/21 23:00:00,A,PC,SM_SEV,Y_GE16,T,CH,2012,6.3,
ESTAT:HLTH_DM050(1.0),19/11/21 23:00:00,A,PC,SM_SEV,Y_GE16,T,CH,2013,5.9,
ESTAT:HLTH_DM050(1.0),19/11/21 23:00:00,A,PC,SM_SEV,Y_GE16,T,CH,2014,8.6,
ESTAT:HLTH_DM050(1.0),19/11/21 23:00:00,A,PC,SM_SEV,Y_GE16,T,CH,2015,9.4,
ESTAT:HLTH_DM050(1.0),19/11/21 23:00:00,A,PC,SM_SEV,Y_GE16,T,CH,2016,9.5,
ESTAT:HLTH_DM050(1.0),19/11/21 23:00:00,A,PC,SM_SEV,Y_GE16,T,CH,2017,8.4,
ESTAT:HLTH_DM050(1.0),19/11/21 23:00:00,A,PC,SM_SEV,Y_GE16,T,CH,2018,8.5,
ESTAT:HLTH_DM050(1.0),19/11/21 23:00:00,A,PC,SM_SEV,Y_GE16,T,CH,2019,9.9,
ESTAT:HLTH_DM050(1.0),19/11/21 23:00:00,A,PC,SM_SEV,Y_GE16,T,CY,2011,25.7,
ESTAT:HLTH_DM050(1.0),19/11/21 23:00:00,A,PC,SM_SEV,Y_GE16,T,CY,2012,28.4,
ESTAT:HLTH_DM050(1.0),19/11/21 23:00:00,A,PC,SM_SEV,Y_GE16,T,CY,2013,30.0,
ESTAT:HLTH_DM050(1.0),19/11/21 23:00:00,A,PC,SM_SEV,Y_GE16,T,CY,2014,31.1,
ESTAT:HLTH_DM050(1.0),19/11/21 23:00:00,A,PC,SM_SEV,Y_GE16,T,CY,2015,28.2,
ESTAT:HLTH_DM050(1.0),19/11/21 23:00:00,A,PC,SM_SEV,Y_GE16,T,CY,2016,23.7,
ESTAT:HLTH_DM050(1.0),19/11/21 23:00:00,A,PC,SM_SEV,Y_GE16,T,CY,2017,24.8,
ESTAT:HLTH_DM050(1.0),19/11/21 23:00:00,A,PC,SM_SEV,Y_GE16,T,CY,2018,21.4,
ESTAT:HLTH_DM050(1.0),19/11/21 23:00:00,A,PC,SM_SEV,Y_GE16,T,CY,2019,17.7,
ESTAT:HLTH_DM050(1.0),19/11/21 23:00:00,A,PC,SM_SEV,Y_GE16,T,CY,2020,16.6,
ESTAT:HLTH_DM050(1.0),19/11/21 23:00:00,A,PC,SM_SEV,Y_GE16,T,CZ,2011,5.6,
ESTAT:HLTH_DM050(1.0),19/11/21 23:00:00,A,PC,SM_SEV,Y_GE16,T,CZ,2012,6.4,
ESTAT:HLTH_DM050(1.0),19/11/21 23:00:00,A,PC,SM_SEV,Y_GE16,T,CZ,2013,5.7,
ESTAT:HLTH_DM050(1.0),19/11/21 23:00:00,A,PC,SM_SEV,Y_GE16,T,CZ,2014,7.3,
ESTAT:HLTH_DM050(1.0),19/11/21 23:00:00,A,PC,SM_SEV,Y_GE16,T,CZ,2015,5.9,
ESTAT:HLTH_DM050(1.0),19/11/21 23:00:00,A,PC,SM_SEV,Y_GE16,T,CZ,2016,5.0,
ESTAT:HLTH_DM050(1.0),19/11/21 23:00:00,A,PC,SM_SEV,Y_GE16,T,CZ,2017,3.9,
ESTAT:HLTH_DM050(1.0),19/11/21 23:00:00,A,PC,SM_SEV,Y_GE16,T,CZ,2018,3.7,
ESTAT:HLTH_DM050(1.0),19/11/21 23:00:00,A,PC,SM_SEV,Y_GE16,T,CZ,2019,3.1,
ESTAT:HLTH_DM050(1.0),19/11/21 23:00:00,A,PC,SM_SEV,Y_GE16,T,CZ,2020,3.3,
ESTAT:HLTH_DM050(1.0),19/11/21 23:00:00,A,PC,SM_SEV,Y_GE16,T,DE,2011,5.6,
ESTAT:HLTH_DM050(1.0),19/11/21 23:00:00,A,PC,SM_SEV,Y_GE16,T,DE,2012,5.2,
ESTAT:HLTH_DM050(1.0),19/11/21 23:00:00,A,PC,SM_SEV,Y_GE16,T,DE,2013,5.2,
ESTAT:HLTH_DM050(1.0),19/11/21 23:00:00,A,PC,SM_SEV,Y_GE16,T,DE,2014,5.9,
ESTAT:HLTH_DM050(1.0),19/11/21 23:00:00,A,PC,SM_SEV,Y_GE16,T,DE,2015,6.1,
ESTAT:HLTH_DM050(1.0),19/11/21 23:00:00,A,PC,SM_SEV,Y_GE16,T,DE,2016,5.0,
ESTAT:HLTH_DM050(1.0),19/11/21 23:00:00,A,PC,SM_SEV,Y_GE16,T,DE,2017,5.6,
ESTAT:HLTH_DM050(1.0),19/11/21 23:00:00,A,PC,SM_SEV,Y_GE16,T,DE,2018,5.5,
ESTAT:HLTH_DM050(1.0),19/11/21 23:00:00,A,PC,SM_SEV,Y_GE16,T,DE,2019,4.1,
ESTAT:HLTH_DM050(1.0),19/11/21 23:00:00,A,PC,SM_SEV,Y_GE16,T,DE,2020,7.0,b
ESTAT:HLTH_DM050(1.0),19/11/21 23:00:00,A,PC,SM_SEV,Y_GE16,T,DK,2011,8.8,
ESTAT:HLTH_DM050(1.0),19/11/21 23:00:00,A,PC,SM_SEV,Y_GE16,T,DK,2012,10.9,
ESTAT:HLTH_DM050(1.0),19/11/21 23:00:00,A,PC,SM_SEV,Y_GE16,T,DK,2013,11.7,
ESTAT:HLTH_DM050(1.0),19/11/21 23:00:00,A,PC,SM_SEV,Y_GE16,T,DK,2014,12.9,
ESTAT:HLTH_DM050(1.0),19/11/21 23:00:00,A,PC,SM_SEV,Y_GE16,T,DK,2015,8.5,
ESTAT:HLTH_DM050(1.0),19/11/21 23:00:00,A,PC,SM_SEV,Y_GE16,T,DK,2016,10.4,
ESTAT:HLTH_DM050(1.0),19/11/21 23:00:00,A,PC,SM_SEV,Y_GE16,T,DK,2017,8.1,
ESTAT:HLTH_DM050(1.0),19/11/21 23:00:00,A,PC,SM_SEV,Y_GE16,T,DK,2018,10.5,
ESTAT:HLTH_DM050(1.0),19/11/21 23:00:00,A,PC,SM_SEV,Y_GE16,T,DK,2019,11.7,
ESTAT:HLTH_DM050(1.0),19/11/21 23:00:00,A,PC,SM_SEV,Y_GE16,T,DK,2020,10.7,
ESTAT:HLTH_DM050(1.0),19/11/21 23:00:00,A,PC,SM_SEV,Y_GE16,T,EA,2011,9.5,e
ESTAT:HLTH_DM050(1.0),19/11/21 23:00:00,A,PC,SM_SEV,Y_GE16,T,EA,2012,9.5,e
ESTAT:HLTH_DM050(1.0),19/11/21 23:00:00,A,PC,SM_SEV,Y_GE16,T,EA,2013,10.2,e
ESTAT:HLTH_DM050(1.0),19/11/21 23:00:00,A,PC,SM_SEV,Y_GE16,T,EA,2014,11.2,e
ESTAT:HLTH_DM050(1.0),19/11/21 23:00:00,A,PC,SM_SEV,Y_GE16,T,EA,2015,11.4,e
ESTAT:HLTH_DM050(1.0),19/11/21 23:00:00,A,PC,SM_SEV,Y_GE16,T,EA,2016,10.1,e
ESTAT:HLTH_DM050(1.0),19/11/21 23:00:00,A,PC,SM_SEV,Y_GE16,T,EA,2017,8.8,e
ESTAT:HLTH_DM050(1.0),19/11/21 23:00:00,A,PC,SM_SEV,Y_GE16,T,EA,2018,8.7,e
ESTAT:HLTH_DM050(1.0),19/11/21 23:00:00,A,PC,SM_SEV,Y_GE16,T,EA,2019,8.1,e
ESTAT:HLTH_DM050(1.0),19/11/21 23:00:00,A,PC,SM_SEV,Y_GE16,T,EA18,2011,9.6,
ESTAT:HLTH_DM050(1.0),19/11/21 23:00:00,A,PC,SM_SEV,Y_GE16,T,EA18,2012,9.5,
ESTAT:HLTH_DM050(1.0),19/11/21 23:00:00,A,PC,SM_SEV,Y_GE16,T,EA18,2013,10.3,
ESTAT:HLTH_DM050(1.0),19/11/21 23:00:00,A,PC,SM_SEV,Y_GE16,T,EA18,2014,11.2,
ESTAT:HLTH_DM050(1.0),19/11/21 23:00:00,A,PC,SM_SEV,Y_GE16,T,EA18,2015,11.5,
ESTAT:HLTH_DM050(1.0),19/11/21 23:00:00,A,PC,SM_SEV,Y_GE16,T,EA18,2016,10.1,
ESTAT:HLTH_DM050(1.0),19/11/21 23:00:00,A,PC,SM_SEV,Y_GE16,T,EA18,2017,8.8,
ESTAT:HLTH_DM050(1.0),19/11/21 23:00:00,A,PC,SM_SEV,Y_GE16,T,EA18,2018,8.6,e
ESTAT:HLTH_DM050(1.0),19/11/21 23:00:00,A,PC,SM_SEV,Y_GE16,T,EA18,2019,8.1,e
ESTAT:HLTH_DM050(1.0),19/11/21 23:00:00,A,PC,SM_SEV,Y_GE16,T,EA19,2011,9.6,
ESTAT:HLTH_DM050(1.0),19/11/21 23:00:00,A,PC,SM_SEV,Y_GE16,T,EA19,2012,9.6,
ESTAT:HLTH_DM050(1.0),19/11/21 23:00:00,A,PC,SM_SEV,Y_GE16,T,EA19,2013,10.3,
ESTAT:HLTH_DM050(1.0),19/11/21 23:00:00,A,PC,SM_SEV,Y_GE16,T,EA19,2014,11.2,
ESTAT:HLTH_DM050(1.0),19/11/21 23:00:00,A,PC,SM_SEV,Y_GE16,T,EA19,2015,11.4,
ESTAT:HLTH_DM050(1.0),19/11/21 23:00:00,A,PC,SM_SEV,Y_GE16,T,EA19,2016,10.1,
ESTAT:HLTH_DM050(1.0),19/11/21 23:00:00,A,PC,SM_SEV,Y_GE16,T,EA19,2017,8.8,
ESTAT:HLTH_DM050(1.0),19/11/21 23:00:00,A,PC,SM_SEV,Y_GE16,T,EA19,2018,8.7,e
ESTAT:HLTH_DM050(1.0),19/11/21 23:00:00,A,PC,SM_SEV,Y_GE16,T,EA19,2019,8.1,e
ESTAT:HLTH_DM050(1.0),19/11/21 23:00:00,A,PC,SM_SEV,Y_GE16,T,EE,2011,12.8,
ESTAT:HLTH_DM050(1.0),19/11/21 23:00:00,A,PC,SM_SEV,Y_GE16,T,EE,2012,11.1,
ESTAT:HLTH_DM050(1.0),19/11/21 23:00:00,A,PC,SM_SEV,Y_GE16,T,EE,2013,12.1,
ESTAT:HLTH_DM050(1.0),19/11/21 23:00:00,A,PC,SM_SEV,Y_GE16,T,EE,2014,10.9,
ESTAT:HLTH_DM050(1.0),19/11/21 23:00:00,A,PC,SM_SEV,Y_GE16,T,EE,2015,8.8,
ESTAT:HLTH_DM050(1.0),19/11/21 23:00:00,A,PC,SM_SEV,Y_GE16,T,EE,2016,10.2,
ESTAT:HLTH_DM050(1.0),19/11/21 23:00:00,A,PC,SM_SEV,Y_GE16,T,EE,2017,8.5,
ESTAT:HLTH_DM050(1.0),19/11/21 23:00:00,A,PC,SM_SEV,Y_GE16,T,EE,2018,8.5,
ESTAT:HLTH_DM050(1.0),19/11/21 23:00:00,A,PC,SM_SEV,Y_GE16,T,EE,2019,9.2,
ESTAT:HLTH_DM050(1.0),19/11/21 23:00:00,A,PC,SM_SEV,Y_GE16,T,EE,2020,7.4,
ESTAT:HLTH_DM050(1.0),19/11/21 23:00:00,A,PC,SM_SEV,Y_GE16,T,EL,2011,29.9,
ESTAT:HLTH_DM050(1.0),19/11/21 23:00:00,A,PC,SM_SEV,Y_GE16,T,EL,2012,35.4,
ESTAT:HLTH_DM050(1.0),19/11/21 23:00:00,A,PC,SM_SEV,Y_GE16,T,EL,2013,40.7,
ESTAT:HLTH_DM050(1.0),19/11/21 23:00:00,A,PC,SM_SEV,Y_GE16,T,EL,2014,42.1,
ESTAT:HLTH_DM050(1.0),19/11/21 23:00:00,A,PC,SM_SEV,Y_GE16,T,EL,2015,46.1,
ESTAT:HLTH_DM050(1.0),19/11/21 23:00:00,A,PC,SM_SEV,Y_GE16,T,EL,2016,46.4,
ESTAT:HLTH_DM050(1.0),19/11/21 23:00:00,A,PC,SM_SEV,Y_GE16,T,EL,2017,42.8,
ESTAT:HLTH_DM050(1.0),19/11/21 23:00:00,A,PC,SM_SEV,Y_GE16,T,EL,2018,38.5,
ESTAT:HLTH_DM050(1.0),19/11/21 23:00:00,A,PC,SM_SEV,Y_GE16,T,EL,2019,38.6,
ESTAT:HLTH_DM050(1.0),19/11/21 23:00:00,A,PC,SM_SEV,Y_GE16,T,EL,2020,35.1,
ESTAT:HLTH_DM050(1.0),19/11/21 23:00:00,A,PC,SM_SEV,Y_GE16,T,ES,2011,8.5,
ESTAT:HLTH_DM050(1.0),19/11/21 23:00:00,A,PC,SM_SEV,Y_GE16,T,ES,2012,9.7,
ESTAT:HLTH_DM050(1.0),19/11/21 23:00:00,A,PC,SM_SEV,Y_GE16,T,ES,2013,11.6,
ESTAT:HLTH_DM050(1.0),19/11/21 23:00:00,A,PC,SM_SEV,Y_GE16,T,ES,2014,13.9,
ESTAT:HLTH_DM050(1.0),19/11/21 23:00:00,A,PC,SM_SEV,Y_GE16,T,ES,2015,12.4,
ESTAT:HLTH_DM050(1.0),19/11/21 23:00:00,A,PC,SM_SEV,Y_GE16,T,ES,2016,11.6,
ESTAT:HLTH_DM050(1.0),19/11/21 23:00:00,A,PC,SM_SEV,Y_GE16,T,ES,2017,10.0,
ESTAT:HLTH_DM050(1.0),19/11/21 23:00:00,A,PC,SM_SEV,Y_GE16,T,ES,2018,10.4,
ESTAT:HLTH_DM050(1.0),19/11/21 23:00:00,A,PC,SM_SEV,Y_GE16,T,ES,2019,9.4,
ESTAT:HLTH_DM050(1.0),19/11/21 23:00:00,A,PC,SM_SEV,Y_GE16,T,ES,2020,15.7,
ESTAT:HLTH_DM050(1.0),19/11/21 23:00:00,A,PC,SM_SEV,Y_GE16,T,EU,2011,11.5,
ESTAT:HLTH_DM050(1.0),19/11/21 23:00:00,A,PC,SM_SEV,Y_GE16,T,EU,2012,11.3,
ESTAT:HLTH_DM050(1.0),19/11/21 23:00:00,A,PC,SM_SEV,Y_GE16,T,EU,2013,11.8,
ESTAT:HLTH_DM050(1.0),19/11/21 23:00:00,A,PC,SM_SEV,Y_GE16,T,EU,2014,12.9,
ESTAT:HLTH_DM050(1.0),19/11/21 23:00:00,A,PC,SM_SEV,Y_GE16,T,EU,2015,12.6,
ESTAT:HLTH_DM050(1.0),19/11/21 23:00:00,A,PC,SM_SEV,Y_GE16,T,EU,2016,11.6,
ESTAT:HLTH_DM050(1.0),19/11/21 23:00:00,A,PC,SM_SEV,Y_GE16,T,EU,2017,10.4,
ESTAT:HLTH_DM050(1.0),19/11/21 23:00:00,A,PC,SM_SEV,Y_GE16,T,EU,2018,10.1,
ESTAT:HLTH_DM050(1.0),19/11/21 23:00:00,A,PC,SM_SEV,Y_GE16,T,EU,2019,9.4,e
ESTAT:HLTH_DM050(1.0),19/11/21 23:00:00,A,PC,SM_SEV,Y_GE16,T,EU27_2007,2011,11.4,
ESTAT:HLTH_DM050(1.0),19/11/21 23:00:00,A,PC,SM_SEV,Y_GE16,T,EU27_2007,2012,11.2,
ESTAT:HLTH_DM050(1.0),19/11/21 23:00:00,A,PC,SM_SEV,Y_GE16,T,EU27_2007,2013,11.6,
ESTAT:HLTH_DM050(1.0),19/11/21 23:00:00,A,PC,SM_SEV,Y_GE16,T,EU27_2007,2014,12.8,
ESTAT:HLTH_DM050(1.0),19/11/21 23:00:00,A,PC,SM_SEV,Y_GE16,T,EU27_2007,2015,12.5,
ESTAT:HLTH_DM050(1.0),19/11/21 23:00:00,A,PC,SM_SEV,Y_GE16,T,EU27_2007,2016,11.4,
ESTAT:HLTH_DM050(1.0),19/11/21 23:00:00,A,PC,SM_SEV,Y_GE16,T,EU27_2007,2017,10.2,
ESTAT:HLTH_DM050(1.0),19/11/21 23:00:00,A,PC,SM_SEV,Y_GE16,T,EU27_2007,2018,10.0,e
ESTAT:HLTH_DM050(1.0),19/11/21 23:00:00,A,PC,SM_SEV,Y_GE16,T,EU27_2007,2019,9.0,e
ESTAT:HLTH_DM050(1.0),19/11/21 23:00:00,A,PC,SM_SEV,Y_GE16,T,EU27_2020,2011,11.7,e
ESTAT:HLTH_DM050(1.0),19/11/21 23:00:00,A,PC,SM_SEV,Y_GE16,T,EU27_2020,2012,11.9,e
ESTAT:HLTH_DM050(1.0),19/11/21 23:00:00,A,PC,SM_SEV,Y_GE16,T,EU27_2020,2013,12.5,e
ESTAT:HLTH_DM050(1.0),19/11/21 23:00:00,A,PC,SM_SEV,Y_GE16,T,EU27_2020,2014,12.9,e
ESTAT:HLTH_DM050(1.0),19/11/21 23:00:00,A,PC,SM_SEV,Y_GE16,T,EU27_2020,2015,12.7,e
ESTAT:HLTH_DM050(1.0),19/11/21 23:00:00,A,PC,SM_SEV,Y_GE16,T,EU27_2020,2016,11.7,e
ESTAT:HLTH_DM050(1.0),19/11/21 23:00:00,A,PC,SM_SEV,Y_GE16,T,EU27_2020,2017,10.3,e
ESTAT:HLTH_DM050(1.0),19/11/21 23:00:00,A,PC,SM_SEV,Y_GE16,T,EU27_2020,2018,9.8,e
ESTAT:HLTH_DM050(1.0),19/11/21 23:00:00,A,PC,SM_SEV,Y_GE16,T,EU27_2020,2019,9.1,e
ESTAT:HLTH_DM050(1.0),19/11/21 23:00:00,A,PC,SM_SEV,Y_GE16,T,EU28,2011,11.5,
ESTAT:HLTH_DM050(1.0),19/11/21 23:00:00,A,PC,SM_SEV,Y_GE16,T,EU28,2012,11.3,
ESTAT:HLTH_DM050(1.0),19/11/21 23:00:00,A,PC,SM_SEV,Y_GE16,T,EU28,2013,11.8,
ESTAT:HLTH_DM050(1.0),19/11/21 23:00:00,A,PC,SM_SEV,Y_GE16,T,EU28,2014,12.9,
ESTAT:HLTH_DM050(1.0),19/11/21 23:00:00,A,PC,SM_SEV,Y_GE16,T,EU28,2015,12.6,
ESTAT:HLTH_DM050(1.0),19/11/21 23:00:00,A,PC,SM_SEV,Y_GE16,T,EU28,2016,11.6,
ESTAT:HLTH_DM050(1.0),19/11/21 23:00:00,A,PC,SM_SEV,Y_GE16,T,EU28,2017,10.4,
ESTAT:HLTH_DM050(1.0),19/11/21 23:00:00,A,PC,SM_SEV,Y_GE16,T,EU28,2018,10.1,e
ESTAT:HLTH_DM050(1.0),19/11/21 23:00:00,A,PC,SM_SEV,Y_GE16,T,EU28,2019,9.4,e
ESTAT:HLTH_DM050(1.0),19/11/21 23:00:00,A,PC,SM_SEV,Y_GE16,T,FI,2011,11.2,
ESTAT:HLTH_DM050(1.0),19/11/21 23:00:00,A,PC,SM_SEV,Y_GE16,T,FI,2012,11.4,
ESTAT:HLTH_DM050(1.0),19/11/21 23:00:00,A,PC,SM_SEV,Y_GE16,T,FI,2013,11.5,
ESTAT:HLTH_DM050(1.0),19/11/21 23:00:00,A,PC,SM_SEV,Y_GE16,T,FI,2014,11.8,
ESTAT:HLTH_DM050(1.0),19/11/21 23:00:00,A,PC,SM_SEV,Y_GE16,T,FI,2015,11.3,
ESTAT:HLTH_DM050(1.0),19/11/21 23:00:00,A,PC,SM_SEV,Y_GE16,T,FI,2016,12.8,
ESTAT:HLTH_DM050(1.0),19/11/21 23:00:00,A,PC,SM_SEV,Y_GE16,T,FI,2017,11.9,
ESTAT:HLTH_DM050(1.0),19/11/21 23:00:00,A,PC,SM_SEV,Y_GE16,T,FI,2018,12.0,
ESTAT:HLTH_DM050(1.0),19/11/21 23:00:00,A,PC,SM_SEV,Y_GE16,T,FI,2019,11.0,
ESTAT:HLTH_DM050(1.0),19/11/21 23:00:00,A,PC,SM_SEV,Y_GE16,T,FI,2020,12.0,
ESTAT:HLTH_DM050(1.0),19/11/21 23:00:00,A,PC,SM_SEV,Y_GE16,T,FR,2011,9.1,
ESTAT:HLTH_DM050(1.0),19/11/21 23:00:00,A,PC,SM_SEV,Y_GE16,T,FR,2012,9.6,
ESTAT:HLTH_DM050(1.0),19/11/21 23:00:00,A,PC,SM_SEV,Y_GE16,T,FR,2013,9.1,
ESTAT:HLTH_DM050(1.0),19/11/21 23:00:00,A,PC,SM_SEV,Y_GE16,T,FR,2014,10.2,
ESTAT:HLTH_DM050(1.0),19/11/21 23:00:00,A,PC,SM_SEV,Y_GE16,T,FR,2015,8.3,
ESTAT:HLTH_DM050(1.0),19/11/21 23:00:00,A,PC,SM_SEV,Y_GE16,T,FR,2016,8.6,
ESTAT:HLTH_DM050(1.0),19/11/21 23:00:00,A,PC,SM_SEV,Y_GE16,T,FR,2017,8.9,
ESTAT:HLTH_DM050(1.0),19/11/21 23:00:00,A,PC,SM_SEV,Y_GE16,T,FR,2018,9.0,
ESTAT:HLTH_DM050(1.0),19/11/21 23:00:00,A,PC,SM_SEV,Y_GE16,T,FR,2019,8.5,
ESTAT:HLTH_DM050(1.0),19/11/21 23:00:00,A,PC,SM_SEV,Y_GE16,T,FR,2020,10.2,p
ESTAT:HLTH_DM050(1.0),19/11/21 23:00:00,A,PC,SM_SEV,Y_GE16,T,HR,2011,23.7,
ESTAT:HLTH_DM050(1.0),19/11/21 23:00:00,A,PC,SM_SEV,Y_GE16,T,HR,2012,26.5,
ESTAT:HLTH_DM050(1.0),19/11/21 23:00:00,A,PC,SM_SEV,Y_GE16,T,HR,2013,26.2,
ESTAT:HLTH_DM050(1.0),19/11/21 23:00:00,A,PC,SM_SEV,Y_GE16,T,HR,2014,25.9,
ESTAT:HLTH_DM050(1.0),19/11/21 23:00:00,A,PC,SM_SEV,Y_GE16,T,HR,2015,25.8,
ESTAT:HLTH_DM050(1.0),19/11/21 23:00:00,A,PC,SM_SEV,Y_GE16,T,HR,2016,25.4,
ESTAT:HLTH_DM050(1.0),19/11/21 23:00:00,A,PC,SM_SEV,Y_GE16,T,HR,2017,22.5,
ESTAT:HLTH_DM050(1.0),19/11/21 23:00:00,A,PC,SM_SEV,Y_GE16,T,HR,2018,18.7,
ESTAT:HLTH_DM050(1.0),19/11/21 23:00:00,A,PC,SM_SEV,Y_GE16,T,HR,2019,16.1,
ESTAT:HLTH_DM050(1.0),19/11/21 23:00:00,A,PC,SM_SEV,Y_GE16,T,HR,2020,14.7,
ESTAT:HLTH_DM050(1.0),19/11/21 23:00:00,A,PC,SM_SEV,Y_GE16,T,HU,2011,22.9,
ESTAT:HLTH_DM050(1.0),19/11/21 23:00:00,A,PC,SM_SEV,Y_GE16,T,HU,2012,24.5,
ESTAT:HLTH_DM050(1.0),19/11/21 23:00:00,A,PC,SM_SEV,Y_GE16,T,HU,2013,25.4,
ESTAT:HLTH_DM050(1.0),19/11/21 23:00:00,A,PC,SM_SEV,Y_GE16,T,HU,2014,23.1,
ESTAT:HLTH_DM050(1.0),19/11/21 23:00:00,A,PC,SM_SEV,Y_GE16,T,HU,2015,22.2,
ESTAT:HLTH_DM050(1.0),19/11/21 23:00:00,A,PC,SM_SEV,Y_GE16,T,HU,2016,19.6,
ESTAT:HLTH_DM050(1.0),19/11/21 23:00:00,A,PC,SM_SEV,Y_GE16,T,HU,2017,16.9,
ESTAT:HLTH_DM050(1.0),19/11/21 23:00:00,A,PC,SM_SEV,Y_GE16,T,HU,2018,14.8,
ESTAT:HLTH_DM050(1.0),19/11/21 23:00:00,A,PC,SM_SEV,Y_GE16,T,HU,2019,12.4,
ESTAT:HLTH_DM050(1.0),19/11/21 23:00:00,A,PC,SM_SEV,Y_GE16,T,HU,2020,13.1,
ESTAT:HLTH_DM050(1.0),19/11/21 23:00:00,A,PC,SM_SEV,Y_GE16,T,IE,2011,22.7,
ESTAT:HLTH_DM050(1.0),19/11/21 23:00:00,A,PC,SM_SEV,Y_GE16,T,IE,2012,23.6,
ESTAT:HLTH_DM050(1.0),19/11/21 23:00:00,A,PC,SM_SEV,Y_GE16,T,IE,2013,24.4,
ESTAT:HLTH_DM050(1.0),19/11/21 23:00:00,A,PC,SM_SEV,Y_GE16,T,IE,2014,25.7,
ESTAT:HLTH_DM050(1.0),19/11/21 23:00:00,A,PC,SM_SEV,Y_GE16,T,IE,2015,23.1,
ESTAT:HLTH_DM050(1.0),19/11/21 23:00:00,A,PC,SM_SEV,Y_GE16,T,IE,2016,20.8,
ESTAT:HLTH_DM050(1.0),19/11/21 23:00:00,A,PC,SM_SEV,Y_GE16,T,IE,2017,19.0,
ESTAT:HLTH_DM050(1.0),19/11/21 23:00:00,A,PC,SM_SEV,Y_GE16,T,IE,2018,15.5,
ESTAT:HLTH_DM050(1.0),19/11/21 23:00:00,A,PC,SM_SEV,Y_GE16,T,IE,2019,18.3,
ESTAT:HLTH_DM050(1.0),19/11/21 23:00:00,A,PC,SM_SEV,Y_GE16,T,IS,2011,24.1,
ESTAT:HLTH_DM050(1.0),19/11/21 23:00:00,A,PC,SM_SEV,Y_GE16,T,IS,2012,19.8,
ESTAT:HLTH_DM050(1.0),19/11/21 23:00:00,A,PC,SM_SEV,Y_GE16,T,IS,2013,24.5,
ESTAT:HLTH_DM050(1.0),19/11/21 23:00:00,A,PC,SM_SEV,Y_GE16,T,IS,2014,22.2,
ESTAT:HLTH_DM050(1.0),19/11/21 23:00:00,A,PC,SM_SEV,Y_GE16,T,IS,2015,18.9,
ESTAT:HLTH_DM050(1.0),19/11/21 23:00:00,A,PC,SM_SEV,Y_GE16,T,IS,2016,19.2,
ESTAT:HLTH_DM050(1.0),19/11/21 23:00:00,A,PC,SM_SEV,Y_GE16,T,IS,2017,14.8,
ESTAT:HLTH_DM050(1.0),19/11/21 23:00:00,A,PC,SM_SEV,Y_GE16,T,IS,2018,9.8,
ESTAT:HLTH_DM050(1.0),19/11/21 23:00:00,A,PC,SM_SEV,Y_GE16,T,IT,2011,13.6,
ESTAT:HLTH_DM050(1.0),19/11/21 23:00:00,A,PC,SM_SEV,Y_GE16,T,IT,2012,12.3,
ESTAT:HLTH_DM050(1.0),19/11/21 23:00:00,A,PC,SM_SEV,Y_GE16,T,IT,2013,14.4,
ESTAT:HLTH_DM050(1.0),19/11/21 23:00:00,A,PC,SM_SEV,Y_GE16,T,IT,2014,14.8,
ESTAT:HLTH_DM050(1.0),19/11/21 23:00:00,A,PC,SM_SEV,Y_GE16,T,IT,2015,15.5,
ESTAT:HLTH_DM050(1.0),19/11/21 23:00:00,A,PC,SM_SEV,Y_GE16,T,IT,2016,10.2,
ESTAT:HLTH_DM050(1.0),19/11/21 23:00:00,A,PC,SM_SEV,Y_GE16,T,IT,2017,5.7,
ESTAT:HLTH_DM050(1.0),19/11/21 23:00:00,A,PC,SM_SEV,Y_GE16,T,IT,2018,6.1,
ESTAT:HLTH_DM050(1.0),19/11/21 23:00:00,A,PC,SM_SEV,Y_GE16,T,IT,2019,6.2,
ESTAT:HLTH_DM050(1.0),19/11/21 23:00:00,A,PC,SM_SEV,Y_GE16,T,LT,2011,12.8,
ESTAT:HLTH_DM050(1.0),19/11/21 23:00:00,A,PC,SM_SEV,Y_GE16,T,LT,2012,13.1,
ESTAT:HLTH_DM050(1.0),19/11/21 23:00:00,A,PC,SM_SEV,Y_GE16,T,LT,2013,10.8,
ESTAT:HLTH_DM050(1.0),19/11/21 23:00:00,A,PC,SM_SEV,Y_GE16,T,LT,2014,9.0,
ESTAT:HLTH_DM050(1.0),19/11/21 23:00:00,A,PC,SM_SEV,Y_GE16,T,LT,2015,9.6,
ESTAT:HLTH_DM050(1.0),19/11/21 23:00:00,A,PC,SM_SEV,Y_GE16,T,LT,2016,10.8,
ESTAT:HLTH_DM050(1.0),19/11/21 23:00:00,A,PC,SM_SEV,Y_GE16,T,LT,2017,10.7,
ESTAT:HLTH_DM050(1.0),19/11/21 23:00:00,A,PC,SM_SEV,Y_GE16,T,LT,2018,10.3,
ESTAT:HLTH_DM050(1.0),19/11/21 23:00:00,A,PC,SM_SEV,Y_GE16,T,LT,2019,10.1,
ESTAT:HLTH_DM050(1.0),19/11/21 23:00:00,A,PC,SM_SEV,Y_GE16,T,LT,2020,8.0,
ESTAT:HLTH_DM050(1.0),19/11/21 23:00:00,A,PC,SM_SEV,Y_GE16,T,LU,2011,4.4,
ESTAT:HLTH_DM050(1.0),19/11/21 23:00:00,A,PC,SM_SEV,Y_GE16,T,LU,2012,5.3,
ESTAT:HLTH_DM050(1.0),19/11/21 23:00:00,A,PC,SM_SEV,Y_GE16,T,LU,2013,6.6,
ESTAT:HLTH_DM050(1.0),19/11/21 23:00:00,A,PC,SM_SEV,Y_GE16,T,LU,2014,7.4,
ESTAT:HLTH_DM050(1.0),19/11/21 23:00:00,A,PC,SM_SEV,Y_GE16,T,LU,2015,5.5,
ESTAT:HLTH_DM050(1.0),19/11/21 23:00:00,A,PC,SM_SEV,Y_GE16,T,LU,2016,9.5,
ESTAT:HLTH_DM050(1.0),19/11/21 23:00:00,A,PC,SM_SEV,Y_GE16,T,LU,2017,4.4,
ESTAT:HLTH_DM050(1.0),19/11/21 23:00:00,A,PC,SM_SEV,Y_GE16,T,LU,2020,6.0,b
ESTAT:HLTH_DM050(1.0),19/11/21 23:00:00,A,PC,SM_SEV,Y_GE16,T,LV,2011,21.6,
ESTAT:HLTH_DM050(1.0),19/11/21 23:00:00,A,PC,SM_SEV,Y_GE16,T,LV,2012,23.3,
ESTAT:HLTH_DM050(1.0),19/11/21 23:00:00,A,PC,SM_SEV,Y_GE16,T,LV,2013,21.1,
ESTAT:HLTH_DM050(1.0),19/11/21 23:00:00,A,PC,SM_SEV,Y_GE16,T,LV,2014,19.9,
ESTAT:HLTH_DM050(1.0),19/11/21 23:00:00,A,PC,SM_SEV,Y_GE16,T,LV,2015,18.4,
ESTAT:HLTH_DM050(1.0),19/11/21 23:00:00,A,PC,SM_SEV,Y_GE16,T,LV,2016,14.9,
ESTAT:HLTH_DM050(1.0),19/11/21 23:00:00,A,PC,SM_SEV,Y_GE16,T,LV,2017,14.7,
ESTAT:HLTH_DM050(1.0),19/11/21 23:00:00,A,PC,SM_SEV,Y_GE16,T,LV,2018,13.4,
ESTAT:HLTH_DM050(1.0),19/11/21 23:00:00,A,PC,SM_SEV,Y_GE16,T,LV,2019,10.0,
ESTAT:HLTH_DM050(1.0),19/11/21 23:00:00,A,PC,SM_SEV,Y_GE16,T,LV,2020,9.8,p
ESTAT:HLTH_DM050(1.0),19/11/21 23:00:00,A,PC,SM_SEV,Y_GE16,T,ME,2013,29.0,
ESTAT:HLTH_DM050(1.0),19/11/21 23:00:00,A,PC,SM_SEV,Y_GE16,T,ME,2014,52.0,
ESTAT:HLTH_DM050(1.0),19/11/21 23:00:00,A,PC,SM_SEV,Y_GE16,T,ME,2015,42.0,
ESTAT:HLTH_DM050(1.0),19/11/21 23:00:00,A,PC,SM_SEV,Y_GE16,T,ME,2016,37.1,
ESTAT:HLTH_DM050(1.0),19/11/21 23:00:00,A,PC,SM_SEV,Y_GE16,T,ME,2017,33.3,
ESTAT:HLTH_DM050(1.0),19/11/21 23:00:00,A,PC,SM_SEV,Y_GE16,T,ME,2018,35.1,
ESTAT:HLTH_DM050(1.0),19/11/21 23:00:00,A,PC,SM_SEV,Y_GE16,T,ME,2019,39.3,
ESTAT:HLTH_DM050(1.0),19/11/21 23:00:00,A,PC,SM_SEV,Y_GE16,T,MK,2011,41.9,
ESTAT:HLTH_DM050(1.0),19/11/21 23:00:00,A,PC,SM_SEV,Y_GE16,T,MK,2012,44.1,
ESTAT:HLTH_DM050(1.0),19/11/21 23:00:00,A,PC,SM_SEV,Y_GE16,T,MK,2013,42.1,
ESTAT:HLTH_DM050(1.0),19/11/21 23:00:00,A,PC,SM_SEV,Y_GE16,T,MK,2014,39.4,
ESTAT:HLTH_DM050(1.0),19/11/21 23:00:00,A,PC,SM_SEV,Y_GE16,T,MK,2015,39.0,
ESTAT:HLTH_DM050(1.0),19/11/21 23:00:00,A,PC,SM_SEV,Y_GE16,T,MK,2016,41.4,
ESTAT:HLTH_DM050(1.0),19/11/21 23:00:00,A,PC,SM_SEV,Y_GE16,T,MK,2017,41.6,
ESTAT:HLTH_DM050(1.0),19/11/21 23:00:00,A,PC,SM_SEV,Y_GE16,T,MK,2018,44.2,
ESTAT:HLTH_DM050(1.0),19/11/21 23:00:00,A,PC,SM_SEV,Y_GE16,T,MK,2019,39.4,
ESTAT:HLTH_DM050(1.0),19/11/21 23:00:00,A,PC,SM_SEV,Y_GE16,T,MT,2011,7.4,
ESTAT:HLTH_DM050(1.0),19/11/21 23:00:00,A,PC,SM_SEV,Y_GE16,T,MT,2012,11.0,
ESTAT:HLTH_DM050(1.0),19/11/21 23:00:00,A,PC,SM_SEV,Y_GE16,T,MT,2013,11.3,
ESTAT:HLTH_DM050(1.0),19/11/21 23:00:00,A,PC,SM_SEV,Y_GE16,T,MT,2014,13.6,
ESTAT:HLTH_DM050(1.0),19/11/21 23:00:00,A,PC,SM_SEV,Y_GE16,T,MT,2015,13.1,
ESTAT:HLTH_DM050(1.0),19/11/21 23:00:00,A,PC,SM_SEV,Y_GE16,T,MT,2016,11.4,
ESTAT:HLTH_DM050(1.0),19/11/21 23:00:00,A,PC,SM_SEV,Y_GE16,T,MT,2017,9.0,
ESTAT:HLTH_DM050(1.0),19/11/21 23:00:00,A,PC,SM_SEV,Y_GE16,T,MT,2018,10.1,
ESTAT:HLTH_DM050(1.0),19/11/21 23:00:00,A,PC,SM_SEV,Y_GE16,T,MT,2019,12.8,
ESTAT:HLTH_DM050(1.0),19/11/21 23:00:00,A,PC,SM_SEV,Y_GE16,T,MT,2020,8.3,
ESTAT:HLTH_DM050(1.0),19/11/21 23:00:00,A,PC,SM_SEV,Y_GE16,T,NL,2011,6.1,
ESTAT:HLTH_DM050(1.0),19/11/21 23:00:00,A,PC,SM_SEV,Y_GE16,T,NL,2012,5.6,
ESTAT:HLTH_DM050(1.0),19/11/21 23:00:00,A,PC,SM_SEV,Y_GE16,T,NL,2013,6.1,
ESTAT:HLTH_DM050(1.0),19/11/21 23:00:00,A,PC,SM_SEV,Y_GE16,T,NL,2014,8.0,
ESTAT:HLTH_DM050(1.0),19/11/21 23:00:00,A,PC,SM_SEV,Y_GE16,T,NL,2015,5.9,
ESTAT:HLTH_DM050(1.0),19/11/21 23:00:00,A,PC,SM_SEV,Y_GE16,T,NL,2016,7.6,
ESTAT:HLTH_DM050(1.0),19/11/21 23:00:00,A,PC,SM_SEV,Y_GE16,T,NL,2017,6.1,
ESTAT:HLTH_DM050(1.0),19/11/21 23:00:00,A,PC,SM_SEV,Y_GE16,T,NL,2018,5.7,
ESTAT:HLTH_DM050(1.0),19/11/21 23:00:00,A,PC,SM_SEV,Y_GE16,T,NL,2019,5.0,
ESTAT:HLTH_DM050(1.0),19/11/21 23:00:00,A,PC,SM_SEV,Y_GE16,T,NL,2020,4.8,
ESTAT:HLTH_DM050(1.0),19/11/21 23:00:00,A,PC,SM_SEV,Y_GE16,T,NO,2011,10.7,
ESTAT:HLTH_DM050(1.0),19/11/21 23:00:00,A,PC,SM_SEV,Y_GE16,T,NO,2012,13.6,
ESTAT:HLTH_DM050(1.0),19/11/21 23:00:00,A,PC,SM_SEV,Y_GE16,T,NO,2013,9.1,
ESTAT:HLTH_DM050(1.0),19/11/21 23:00:00,A,PC,SM_SEV,Y_GE16,T,NO,2014,8.1,
ESTAT:HLTH_DM050(1.0),19/11/21 23:00:00,A,PC,SM_SEV,Y_GE16,T,NO,2015,11.3,
ESTAT:HLTH_DM050(1.0),19/11/21 23:00:00,A,PC,SM_SEV,Y_GE16,T,NO,2016,8.1,
ESTAT:HLTH_DM050(1.0),19/11/21 23:00:00,A,PC,SM_SEV,Y_GE16,T,NO,2017,9.2,
ESTAT:HLTH_DM050(1.0),19/11/21 23:00:00,A,PC,SM_SEV,Y_GE16,T,NO,2018,9.6,
ESTAT:HLTH_DM050(1.0),19/11/21 23:00:00,A,PC,SM_SEV,Y_GE16,T,NO,2019,11.2,
ESTAT:HLTH_DM050(1.0),19/11/21 23:00:00,A,PC,SM_SEV,Y_GE16,T,NO,2020,10.9,
ESTAT:HLTH_DM050(1.0),19/11/21 23:00:00,A,PC,SM_SEV,Y_GE16,T,PL,2011,15.0,
ESTAT:HLTH_DM050(1.0),19/11/21 23:00:00,A,PC,SM_SEV,Y_GE16,T,PL,2012,16.1,
ESTAT:HLTH_DM050(1.0),19/11/21 23:00:00,A,PC,SM_SEV,Y_GE16,T,PL,2013,15.8,
ESTAT:HLTH_DM050(1.0),19/11/21 23:00:00,A,PC,SM_SEV,Y_GE16,T,PL,2014,17.0,
ESTAT:HLTH_DM050(1.0),19/11/21 23:00:00,A,PC,SM_SEV,Y_GE16,T,PL,2015,12.6,
ESTAT:HLTH_DM050(1.0),19/11/21 23:00:00,A,PC,SM_SEV,Y_GE16,T,PL,2016,13.4,
ESTAT:HLTH_DM050(1.0),19/11/21 23:00:00,A,PC,SM_SEV,Y_GE16,T,PL,2017,12.1,
ESTAT:HLTH_DM050(1.0),19/11/21 23:00:00,A,PC,SM_SEV,Y_GE16,T,PL,2018,9.6,
ESTAT:HLTH_DM050(1.0),19/11/21 23:00:00,A,PC,SM_SEV,Y_GE16,T,PL,2019,9.0,
ESTAT:HLTH_DM050(1.0),19/11/21 23:00:00,A,PC,SM_SEV,Y_GE16,T,PL,2020,7.1,p
ESTAT:HLTH_DM050(1.0),19/11/21 23:00:00,A,PC,SM_SEV,Y_GE16,T,PT,2011,9.0,
ESTAT:HLTH_DM050(1.0),19/11/21 23:00:00,A,PC,SM_SEV,Y_GE16,T,PT,2012,8.3,
ESTAT:HLTH_DM050(1.0),19/11/21 23:00:00,A,PC,SM_SEV,Y_GE16,T,PT,2013,9.4,
ESTAT:HLTH_DM050(1.0),19/11/21 23:00:00,A,PC,SM_SEV,Y_GE16,T,PT,2014,10.8,
ESTAT:HLTH_DM050(1.0),19/11/21 23:00:00,A,PC,SM_SEV,Y_GE16,T,PT,2015,10.2,
ESTAT:HLTH_DM050(1.0),19/11/21 23:00:00,A,PC,SM_SEV,Y_GE16,T,PT,2016,9.5,
ESTAT:HLTH_DM050(1.0),19/11/21 23:00:00,A,PC,SM_SEV,Y_GE16,T,PT,2017,8.6,
ESTAT:HLTH_DM050(1.0),19/11/21 23:00:00,A,PC,SM_SEV,Y_GE16,T,PT,2018,7.1,
ESTAT:HLTH_DM050(1.0),19/11/21 23:00:00,A,PC,SM_SEV,Y_GE16,T,PT,2019,6.8,
ESTAT:HLTH_DM050(1.0),19/11/21 23:00:00,A,PC,SM_SEV,Y_GE16,T,PT,2020,6.2,
ESTAT:HLTH_DM050(1.0),19/11/21 23:00:00,A,PC,SM_SEV,Y_GE16,T,RO,2011,29.7,
ESTAT:HLTH_DM050(1.0),19/11/21 23:00:00,A,PC,SM_SEV,Y_GE16,T,RO,2012,32.1,
ESTAT:HLTH_DM050(1.0),19/11/21 23:00:00,A,PC,SM_SEV,Y_GE16,T,RO,2013,32.8,
ESTAT:HLTH_DM050(1.0),19/11/21 23:00:00,A,PC,SM_SEV,Y_GE16,T,RO,2014,24.5,
ESTAT:HLTH_DM050(1.0),19/11/21 23:00:00,A,PC,SM_SEV,Y_GE16,T,RO,2015,22.6,
ESTAT:HLTH_DM050(1.0),19/11/21 23:00:00,A,PC,SM_SEV,Y_GE16,T,RO,2016,23.0,
ESTAT:HLTH_DM050(1.0),19/11/21 23:00:00,A,PC,SM_SEV,Y_GE16,T,RO,2017,20.6,
ESTAT:HLTH_DM050(1.0),19/11/21 23:00:00,A,PC,SM_SEV,Y_GE16,T,RO,2018,20.1,
ESTAT:HLTH_DM050(1.0),19/11/21 23:00:00,A,PC,SM_SEV,Y_GE16,T,RO,2019,18.1,
ESTAT:HLTH_DM050(1.0),19/11/21 23:00:00,A,PC,SM_SEV,Y_GE16,T,RO,2020,16.9,
ESTAT:HLTH_DM050(1.0),19/11/21 23:00:00,A,PC,SM_SEV,Y_GE16,T,RS,2013,37.3,
ESTAT:HLTH_DM050(1.0),19/11/21 23:00:00,A,PC,SM_SEV,Y_GE16,T,RS,2014,43.0,
ESTAT:HLTH_DM050(1.0),19/11/21 23:00:00,A,PC,SM_SEV,Y_GE16,T,RS,2015,39.9,
ESTAT:HLTH_DM050(1.0),19/11/21 23:00:00,A,PC,SM_SEV,Y_GE16,T,RS,2016,36.6,
ESTAT:HLTH_DM050(1.0),19/11/21 23:00:00,A,PC,SM_SEV,Y_GE16,T,RS,2017,23.2,
ESTAT:HLTH_DM050(1.0),19/11/21 23:00:00,A,PC,SM_SEV,Y_GE16,T,RS,2018,32.3,
ESTAT:HLTH_DM050(1.0),19/11/21 23:00:00,A,PC,SM_SEV,Y_GE16,T,RS,2019,29.6,
ESTAT:HLTH_DM050(1.0),19/11/21 23:00:00,A,PC,SM_SEV,Y_GE16,T,RS,2020,30.2,
ESTAT:HLTH_DM050(1.0),19/11/21 23:00:00,A,PC,SM_SEV,Y_GE16,T,SE,2011,9.2,
ESTAT:HLTH_DM050(1.0),19/11/21 23:00:00,A,PC,SM_SEV,Y_GE16,T,SE,2012,11.2,
ESTAT:HLTH_DM050(1.0),19/11/21 23:00:00,A,PC,SM_SEV,Y_GE16,T,SE,2013,11.3,
ESTAT:HLTH_DM050(1.0),19/11/21 23:00:00,A,PC,SM_SEV,Y_GE16,T,SE,2014,11.5,
ESTAT:HLTH_DM050(1.0),19/11/21 23:00:00,A,PC,SM_SEV,Y_GE16,T,SE,2015,10.7,
ESTAT:HLTH_DM050(1.0),19/11/21 23:00:00,A,PC,SM_SEV,Y_GE16,T,SE,2016,13.7,
ESTAT:HLTH_DM050(1.0),19/11/21 23:00:00,A,PC,SM_SEV,Y_GE16,T,SE,2017,10.4,
ESTAT:HLTH_DM050(1.0),19/11/21 23:00:00,A,PC,SM_SEV,Y_GE16,T,SE,2018,9.2,
ESTAT:HLTH_DM050(1.0),19/11/21 23:00:00,A,PC,SM_SEV,Y_GE16,T,SE,2019,8.0,
ESTAT:HLTH_DM050(1.0),19/11/21 23:00:00,A,PC,SM_SEV,Y_GE16,T,SE,2020,10.1,
ESTAT:HLTH_DM050(1.0),19/11/21 23:00:00,A,PC,SM_SEV,Y_GE16,T,SI,2011,19.9,
ESTAT:HLTH_DM050(1.0),19/11/21 23:00:00,A,PC,SM_SEV,Y_GE16,T,SI,2012,22.6,
ESTAT:HLTH_DM050(1.0),19/11/21 23:00:00,A,PC,SM_SEV,Y_GE16,T,SI,2013,21.8,
ESTAT:HLTH_DM050(1.0),19/11/21 23:00:00,A,PC,SM_SEV,Y_GE16,T,SI,2014,24.7,
ESTAT:HLTH_DM050(1.0),19/11/21 23:00:00,A,PC,SM_SEV,Y_GE16,T,SI,2015,20.5,
ESTAT:HLTH_DM050(1.0),19/11/21 23:00:00,A,PC,SM_SEV,Y_GE16,T,SI,2016,20.1,
ESTAT:HLTH_DM050(1.0),19/11/21 23:00:00,A,PC,SM_SEV,Y_GE16,T,SI,2017,17.3,
ESTAT:HLTH_DM050(1.0),19/11/21 23:00:00,A,PC,SM_SEV,Y_GE16,T,SI,2018,15.2,
ESTAT:HLTH_DM050(1.0),19/11/21 23:00:00,A,PC,SM_SEV,Y_GE16,T,SI,2019,14.9,
ESTAT:HLTH_DM050(1.0),19/11/21 23:00:00,A,PC,SM_SEV,Y_GE16,T,SI,2020,13.6,
ESTAT:HLTH_DM050(1.0),19/11/21 23:00:00,A,PC,SM_SEV,Y_GE16,T,SK,2011,8.5,
ESTAT:HLTH_DM050(1.0),19/11/21 23:00:00,A,PC,SM_SEV,Y_GE16,T,SK,2012,7.4,
ESTAT:HLTH_DM050(1.0),19/11/21 23:00:00,A,PC,SM_SEV,Y_GE16,T,SK,2013,8.8,
ESTAT:HLTH_DM050(1.0),19/11/21 23:00:00,A,PC,SM_SEV,Y_GE16,T,SK,2014,8.0,
ESTAT:HLTH_DM050(1.0),19/11/21 23:00:00,A,PC,SM_SEV,Y_GE16,T,SK,2015,8.7,
ESTAT:HLTH_DM050(1.0),19/11/21 23:00:00,A,PC,SM_SEV,Y_GE16,T,SK,2016,7.4,
ESTAT:HLTH_DM050(1.0),19/11/21 23:00:00,A,PC,SM_SEV,Y_GE16,T,SK,2017,7.8,
ESTAT:HLTH_DM050(1.0),19/11/21 23:00:00,A,PC,SM_SEV,Y_GE16,T,SK,2018,10.0,
ESTAT:HLTH_DM050(1.0),19/11/21 23:00:00,A,PC,SM_SEV,Y_GE16,T,SK,2019,10.7,
ESTAT:HLTH_DM050(1.0),19/11/21 23:00:00,A,PC,SM_SEV,Y_GE16,T,SK,2020,7.3,p
ESTAT:HLTH_DM050(1.0),19/11/21 23:00:00,A,PC,SM_SEV,Y_GE16,T,TR,2011,52.2,
ESTAT:HLTH_DM050(1.0),19/11/21 23:00:00,A,PC,SM_SEV,Y_GE16,T,TR,2012,51.5,
ESTAT:HLTH_DM050(1.0),19/11/21 23:00:00,A,PC,SM_SEV,Y_GE16,T,TR,2013,48.0,
ESTAT:HLTH_DM050(1.0),19/11/21 23:00:00,A,PC,SM_SEV,Y_GE16,T,TR,2014,43.7,
ESTAT:HLTH_DM050(1.0),19/11/21 23:00:00,A,PC,SM_SEV,Y_GE16,T,TR,2015,41.4,
ESTAT:HLTH_DM050(1.0),19/11/21 23:00:00,A,PC,SM_SEV,Y_GE16,T,TR,2016,37.0,
ESTAT:HLTH_DM050(1.0),19/11/21 23:00:00,A,PC,SM_SEV,Y_GE16,T,TR,2017,33.7,
ESTAT:HLTH_DM050(1.0),19/11/21 23:00:00,A,PC,SM_SEV,Y_GE16,T,TR,2018,31.0,
ESTAT:HLTH_DM050(1.0),19/11/21 23:00:00,A,PC,SM_SEV,Y_GE16,T,TR,2019,35.5,
ESTAT:HLTH_DM050(1.0),19/11/21 23:00:00,A,PC,SM_SEV,Y_GE16,T,TR,2020,30.2,
ESTAT:HLTH_DM050(1.0),19/11/21 23:00:00,A,PC,SM_SEV,Y_GE16,T,UK,2011,10.0,
ESTAT:HLTH_DM050(1.0),19/11/21 23:00:00,A,PC,SM_SEV,Y_GE16,T,UK,2012,5.3,
ESTAT:HLTH_DM050(1.0),19/11/21 23:00:00,A,PC,SM_SEV,Y_GE16,T,UK,2013,4.3,
ESTAT:HLTH_DM050(1.0),19/11/21 23:00:00,A,PC,SM_SEV,Y_GE16,T,UK,2014,13.2,
ESTAT:HLTH_DM050(1.0),19/11/21 23:00:00,A,PC,SM_SEV,Y_GE16,T,UK,2015,12.0,
ESTAT:HLTH_DM050(1.0),19/11/21 23:00:00,A,PC,SM_SEV,Y_GE16,T,UK,2016,11.1,
ESTAT:HLTH_DM050(1.0),19/11/21 23:00:00,A,PC,SM_SEV,Y_GE16,T,UK,2017,10.6,b
ESTAT:HLTH_DM050(1.0),19/11/21 23:00:00,A,PC,SM_SEV,Y_GE16,T,UK,2018,11.5,
ESTAT:HLTH_DM050(1.0),19/11/21 23:00:00,A,PC,SM_SEV,Y_GE16,T,XK,2018,59.7,
