DATAFLOW,LAST UPDATE,freq,indic_il,geo,TIME_PERIOD,OBS_VALUE,OBS_FLAG
ESTAT:ILC_DI12(1.0),20/06/22 23:00:00,A,GINI_HND,AL,2017,36.8,
ESTAT:ILC_DI12(1.0),20/06/22 23:00:00,A,GINI_HND,AL,2018,35.4,
ESTAT:ILC_DI12(1.0),20/06/22 23:00:00,A,GINI_HND,AL,2019,34.3,
ESTAT:ILC_DI12(1.0),20/06/22 23:00:00,A,GINI_HND,AL,2020,33.2,
ESTAT:ILC_DI12(1.0),20/06/22 23:00:00,A,GINI_HND,AT,1995,27,
ESTAT:ILC_DI12(1.0),20/06/22 23:00:00,A,GINI_HND,AT,1996,26,
ESTAT:ILC_DI12(1.0),20/06/22 23:00:00,A,GINI_HND,AT,1997,25,
ESTAT:ILC_DI12(1.0),20/06/22 23:00:00,A,GINI_HND,AT,1998,24,
ESTAT:ILC_DI12(1.0),20/06/22 23:00:00,A,GINI_HND,AT,1999,26,
ESTAT:ILC_DI12(1.0),20/06/22 23:00:00,A,GINI_HND,AT,2000,24,
ESTAT:ILC_DI12(1.0),20/06/22 23:00:00,A,GINI_HND,AT,2001,24,
ESTAT:ILC_DI12(1.0),20/06/22 23:00:00,A,GINI_HND,AT,2003,27.4,b
ESTAT:ILC_DI12(1.0),20/06/22 23:00:00,A,GINI_HND,AT,2004,25.8,
ESTAT:ILC_DI12(1.0),20/06/22 23:00:00,A,GINI_HND,AT,2005,26.3,
ESTAT:ILC_DI12(1.0),20/06/22 23:00:00,A,GINI_HND,AT,2006,25.3,
ESTAT:ILC_DI12(1.0),20/06/22 23:00:00,A,GINI_HND,AT,2007,26.2,
ESTAT:ILC_DI12(1.0),20/06/22 23:00:00,A,GINI_HND,AT,2008,27.7,b
ESTAT:ILC_DI12(1.0),20/06/22 23:00:00,A,GINI_HND,AT,2009,27.5,
ESTAT:ILC_DI12(1.0),20/06/22 23:00:00,A,GINI_HND,AT,2010,28.3,
ESTAT:ILC_DI12(1.0),20/06/22 23:00:00,A,GINI_HND,AT,2011,27.4,
ESTAT:ILC_DI12(1.0),20/06/22 23:00:00,A,GINI_HND,AT,2012,27.6,
ESTAT:ILC_DI12(1.0),20/06/22 23:00:00,A,GINI_HND,AT,2013,27.0,
ESTAT:ILC_DI12(1.0),20/06/22 23:00:00,A,GINI_HND,AT,2014,27.6,
ESTAT:ILC_DI12(1.0),20/06/22 23:00:00,A,GINI_HND,AT,2015,27.2,
ESTAT:ILC_DI12(1.0),20/06/22 23:00:00,A,GINI_HND,AT,2016,27.2,
ESTAT:ILC_DI12(1.0),20/06/22 23:00:00,A,GINI_HND,AT,2017,27.9,
ESTAT:ILC_DI12(1.0),20/06/22 23:00:00,A,GINI_HND,AT,2018,26.8,
ESTAT:ILC_DI12(1.0),20/06/22 23:00:00,A,GINI_HND,AT,2019,27.5,
ESTAT:ILC_DI12(1.0),20/06/22 23:00:00,A,GINI_HND,AT,2020,27.0,
ESTAT:ILC_DI12(1.0),20/06/22 23:00:00,A,GINI_HND,AT,2021,26.7,
ESTAT:ILC_DI12(1.0),20/06/22 23:00:00,A,GINI_HND,BE,1995,29,
ESTAT:ILC_DI12(1.0),20/06/22 23:00:00,A,GINI_HND,BE,1996,28,
ESTAT:ILC_DI12(1.0),20/06/22 23:00:00,A,GINI_HND,BE,1997,27,
ESTAT:ILC_DI12(1.0),20/06/22 23:00:00,A,GINI_HND,BE,1998,27,
ESTAT:ILC_DI12(1.0),20/06/22 23:00:00,A,GINI_HND,BE,1999,29,
ESTAT:ILC_DI12(1.0),20/06/22 23:00:00,A,GINI_HND,BE,2000,30,
ESTAT:ILC_DI12(1.0),20/06/22 23:00:00,A,GINI_HND,BE,2001,28,
ESTAT:ILC_DI12(1.0),20/06/22 23:00:00,A,GINI_HND,BE,2003,28.3,b
ESTAT:ILC_DI12(1.0),20/06/22 23:00:00,A,GINI_HND,BE,2004,26.1,
ESTAT:ILC_DI12(1.0),20/06/22 23:00:00,A,GINI_HND,BE,2005,28.0,
ESTAT:ILC_DI12(1.0),20/06/22 23:00:00,A,GINI_HND,BE,2006,27.8,
ESTAT:ILC_DI12(1.0),20/06/22 23:00:00,A,GINI_HND,BE,2007,26.3,
ESTAT:ILC_DI12(1.0),20/06/22 23:00:00,A,GINI_HND,BE,2008,27.5,
ESTAT:ILC_DI12(1.0),20/06/22 23:00:00,A,GINI_HND,BE,2009,26.4,
ESTAT:ILC_DI12(1.0),20/06/22 23:00:00,A,GINI_HND,BE,2010,26.6,
ESTAT:ILC_DI12(1.0),20/06/22 23:00:00,A,GINI_HND,BE,2011,26.3,
ESTAT:ILC_DI12(1.0),20/06/22 23:00:00,A,GINI_HND,BE,2012,26.5,
ESTAT:ILC_DI12(1.0),20/06/22 23:00:00,A,GINI_HND,BE,2013,25.9,
ESTAT:ILC_DI12(1.0),20/06/22 23:00:00,A,GINI_HND,BE,2014,25.9,
ESTAT:ILC_DI12(1.0),20/06/22 23:00:00,A,GINI_HND,BE,2015,26.2,
ESTAT:ILC_DI12(1.0),20/06/22 23:00:00,A,GINI_HND,BE,2016,26.3,
ESTAT:ILC_DI12(1.0),20/06/22 23:00:00,A,GINI_HND,BE,2017,26.1,
ESTAT:ILC_DI12(1.0),20/06/22 23:00:00,A,GINI_HND,BE,2018,25.7,
ESTAT:ILC_DI12(1.0),20/06/22 23:00:00,A,GINI_HND,BE,2019,25.1,b
ESTAT:ILC_DI12(1.0),20/06/22 23:00:00,A,GINI_HND,BE,2020,25.4,
ESTAT:ILC_DI12(1.0),20/06/22 23:00:00,A,GINI_HND,BE,2021,23.9,
ESTAT:ILC_DI12(1.0),20/06/22 23:00:00,A,GINI_HND,BG,2000,25,
ESTAT:ILC_DI12(1.0),20/06/22 23:00:00,A,GINI_HND,BG,2001,26,
ESTAT:ILC_DI12(1.0),20/06/22 23:00:00,A,GINI_HND,BG,2002,26,
ESTAT:ILC_DI12(1.0),20/06/22 23:00:00,A,GINI_HND,BG,2006,31.2,b
ESTAT:ILC_DI12(1.0),20/06/22 23:00:00,A,GINI_HND,BG,2007,35.3,
ESTAT:ILC_DI12(1.0),20/06/22 23:00:00,A,GINI_HND,BG,2008,35.9,
ESTAT:ILC_DI12(1.0),20/06/22 23:00:00,A,GINI_HND,BG,2009,33.4,
ESTAT:ILC_DI12(1.0),20/06/22 23:00:00,A,GINI_HND,BG,2010,33.2,
ESTAT:ILC_DI12(1.0),20/06/22 23:00:00,A,GINI_HND,BG,2011,35.0,
ESTAT:ILC_DI12(1.0),20/06/22 23:00:00,A,GINI_HND,BG,2012,33.6,
ESTAT:ILC_DI12(1.0),20/06/22 23:00:00,A,GINI_HND,BG,2013,35.4,
ESTAT:ILC_DI12(1.0),20/06/22 23:00:00,A,GINI_HND,BG,2014,35.4,
ESTAT:ILC_DI12(1.0),20/06/22 23:00:00,A,GINI_HND,BG,2015,37.0,
ESTAT:ILC_DI12(1.0),20/06/22 23:00:00,A,GINI_HND,BG,2016,37.7,b
ESTAT:ILC_DI12(1.0),20/06/22 23:00:00,A,GINI_HND,BG,2017,40.2,
ESTAT:ILC_DI12(1.0),20/06/22 23:00:00,A,GINI_HND,BG,2018,39.6,
ESTAT:ILC_DI12(1.0),20/06/22 23:00:00,A,GINI_HND,BG,2019,40.8,
ESTAT:ILC_DI12(1.0),20/06/22 23:00:00,A,GINI_HND,BG,2020,40.0,
ESTAT:ILC_DI12(1.0),20/06/22 23:00:00,A,GINI_HND,BG,2021,39.7,
ESTAT:ILC_DI12(1.0),20/06/22 23:00:00,A,GINI_HND,CH,2007,30.4,
ESTAT:ILC_DI12(1.0),20/06/22 23:00:00,A,GINI_HND,CH,2008,31.1,
ESTAT:ILC_DI12(1.0),20/06/22 23:00:00,A,GINI_HND,CH,2009,30.7,
ESTAT:ILC_DI12(1.0),20/06/22 23:00:00,A,GINI_HND,CH,2010,29.6,
ESTAT:ILC_DI12(1.0),20/06/22 23:00:00,A,GINI_HND,CH,2011,29.7,
ESTAT:ILC_DI12(1.0),20/06/22 23:00:00,A,GINI_HND,CH,2012,28.8,
ESTAT:ILC_DI12(1.0),20/06/22 23:00:00,A,GINI_HND,CH,2013,28.5,
ESTAT:ILC_DI12(1.0),20/06/22 23:00:00,A,GINI_HND,CH,2014,29.5,b
ESTAT:ILC_DI12(1.0),20/06/22 23:00:00,A,GINI_HND,CH,2015,29.6,
ESTAT:ILC_DI12(1.0),20/06/22 23:00:00,A,GINI_HND,CH,2016,29.4,
ESTAT:ILC_DI12(1.0),20/06/22 23:00:00,A,GINI_HND,CH,2017,30.1,
ESTAT:ILC_DI12(1.0),20/06/22 23:00:00,A,GINI_HND,CH,2018,29.7,
ESTAT:ILC_DI12(1.0),20/06/22 23:00:00,A,GINI_HND,CH,2019,30.6,
ESTAT:ILC_DI12(1.0),20/06/22 23:00:00,A,GINI_HND,CH,2020,31.2,
ESTAT:ILC_DI12(1.0),20/06/22 23:00:00,A,GINI_HND,CY,1997,29,
ESTAT:ILC_DI12(1.0),20/06/22 23:00:00,A,GINI_HND,CY,2005,28.7,b
ESTAT:ILC_DI12(1.0),20/06/22 23:00:00,A,GINI_HND,CY,2006,28.8,
ESTAT:ILC_DI12(1.0),20/06/22 23:00:00,A,GINI_HND,CY,2007,29.8,
ESTAT:ILC_DI12(1.0),20/06/22 23:00:00,A,GINI_HND,CY,2008,29.0,b
ESTAT:ILC_DI12(1.0),20/06/22 23:00:00,A,GINI_HND,CY,2009,29.5,
ESTAT:ILC_DI12(1.0),20/06/22 23:00:00,A,GINI_HND,CY,2010,30.1,
ESTAT:ILC_DI12(1.0),20/06/22 23:00:00,A,GINI_HND,CY,2011,29.2,
ESTAT:ILC_DI12(1.0),20/06/22 23:00:00,A,GINI_HND,CY,2012,31.0,
ESTAT:ILC_DI12(1.0),20/06/22 23:00:00,A,GINI_HND,CY,2013,32.4,
ESTAT:ILC_DI12(1.0),20/06/22 23:00:00,A,GINI_HND,CY,2014,34.8,
ESTAT:ILC_DI12(1.0),20/06/22 23:00:00,A,GINI_HND,CY,2015,33.6,
ESTAT:ILC_DI12(1.0),20/06/22 23:00:00,A,GINI_HND,CY,2016,32.1,
ESTAT:ILC_DI12(1.0),20/06/22 23:00:00,A,GINI_HND,CY,2017,30.8,
ESTAT:ILC_DI12(1.0),20/06/22 23:00:00,A,GINI_HND,CY,2018,29.1,
ESTAT:ILC_DI12(1.0),20/06/22 23:00:00,A,GINI_HND,CY,2019,31.1,
ESTAT:ILC_DI12(1.0),20/06/22 23:00:00,A,GINI_HND,CY,2020,29.3,
ESTAT:ILC_DI12(1.0),20/06/22 23:00:00,A,GINI_HND,CZ,2001,25,
ESTAT:ILC_DI12(1.0),20/06/22 23:00:00,A,GINI_HND,CZ,2005,26.0,b
ESTAT:ILC_DI12(1.0),20/06/22 23:00:00,A,GINI_HND,CZ,2006,25.3,
ESTAT:ILC_DI12(1.0),20/06/22 23:00:00,A,GINI_HND,CZ,2007,25.3,
ESTAT:ILC_DI12(1.0),20/06/22 23:00:00,A,GINI_HND,CZ,2008,24.7,
ESTAT:ILC_DI12(1.0),20/06/22 23:00:00,A,GINI_HND,CZ,2009,25.1,
ESTAT:ILC_DI12(1.0),20/06/22 23:00:00,A,GINI_HND,CZ,2010,24.9,
ESTAT:ILC_DI12(1.0),20/06/22 23:00:00,A,GINI_HND,CZ,2011,25.2,
ESTAT:ILC_DI12(1.0),20/06/22 23:00:00,A,GINI_HND,CZ,2012,24.9,
ESTAT:ILC_DI12(1.0),20/06/22 23:00:00,A,GINI_HND,CZ,2013,24.6,
ESTAT:ILC_DI12(1.0),20/06/22 23:00:00,A,GINI_HND,CZ,2014,25.1,
ESTAT:ILC_DI12(1.0),20/06/22 23:00:00,A,GINI_HND,CZ,2015,25.0,
ESTAT:ILC_DI12(1.0),20/06/22 23:00:00,A,GINI_HND,CZ,2016,25.1,
ESTAT:ILC_DI12(1.0),20/06/22 23:00:00,A,GINI_HND,CZ,2017,24.5,
ESTAT:ILC_DI12(1.0),20/06/22 23:00:00,A,GINI_HND,CZ,2018,24.0,
ESTAT:ILC_DI12(1.0),20/06/22 23:00:00,A,GINI_HND,CZ,2019,24.0,
ESTAT:ILC_DI12(1.0),20/06/22 23:00:00,A,GINI_HND,CZ,2020,24.2,
ESTAT:ILC_DI12(1.0),20/06/22 23:00:00,A,GINI_HND,DE,1995,29,
ESTAT:ILC_DI12(1.0),20/06/22 23:00:00,A,GINI_HND,DE,1996,27,
ESTAT:ILC_DI12(1.0),20/06/22 23:00:00,A,GINI_HND,DE,1997,25,
ESTAT:ILC_DI12(1.0),20/06/22 23:00:00,A,GINI_HND,DE,1998,25,
ESTAT:ILC_DI12(1.0),20/06/22 23:00:00,A,GINI_HND,DE,1999,25,
ESTAT:ILC_DI12(1.0),20/06/22 23:00:00,A,GINI_HND,DE,2000,25,
ESTAT:ILC_DI12(1.0),20/06/22 23:00:00,A,GINI_HND,DE,2001,25,
ESTAT:ILC_DI12(1.0),20/06/22 23:00:00,A,GINI_HND,DE,2005,26.1,b
ESTAT:ILC_DI12(1.0),20/06/22 23:00:00,A,GINI_HND,DE,2006,26.8,
ESTAT:ILC_DI12(1.0),20/06/22 23:00:00,A,GINI_HND,DE,2007,30.4,
ESTAT:ILC_DI12(1.0),20/06/22 23:00:00,A,GINI_HND,DE,2008,30.2,
ESTAT:ILC_DI12(1.0),20/06/22 23:00:00,A,GINI_HND,DE,2009,29.1,
ESTAT:ILC_DI12(1.0),20/06/22 23:00:00,A,GINI_HND,DE,2010,29.3,
ESTAT:ILC_DI12(1.0),20/06/22 23:00:00,A,GINI_HND,DE,2011,29.0,
ESTAT:ILC_DI12(1.0),20/06/22 23:00:00,A,GINI_HND,DE,2012,28.3,
ESTAT:ILC_DI12(1.0),20/06/22 23:00:00,A,GINI_HND,DE,2013,29.7,
ESTAT:ILC_DI12(1.0),20/06/22 23:00:00,A,GINI_HND,DE,2014,30.7,
ESTAT:ILC_DI12(1.0),20/06/22 23:00:00,A,GINI_HND,DE,2015,30.1,
ESTAT:ILC_DI12(1.0),20/06/22 23:00:00,A,GINI_HND,DE,2016,29.5,
ESTAT:ILC_DI12(1.0),20/06/22 23:00:00,A,GINI_HND,DE,2017,29.1,
ESTAT:ILC_DI12(1.0),20/06/22 23:00:00,A,GINI_HND,DE,2018,31.1,
ESTAT:ILC_DI12(1.0),20/06/22 23:00:00,A,GINI_HND,DE,2019,29.7,
ESTAT:ILC_DI12(1.0),20/06/22 23:00:00,A,GINI_HND,DE,2020,30.5,b
ESTAT:ILC_DI12(1.0),20/06/22 23:00:00,A,GINI_HND,DK,1995,20,
ESTAT:ILC_DI12(1.0),20/06/22 23:00:00,A,GINI_HND,DK,1997,20,
ESTAT:ILC_DI12(1.0),20/06/22 23:00:00,A,GINI_HND,DK,1999,21,
ESTAT:ILC_DI12(1.0),20/06/22 23:00:00,A,GINI_HND,DK,2001,22,
ESTAT:ILC_DI12(1.0),20/06/22 23:00:00,A,GINI_HND,DK,2003,24.8,b
ESTAT:ILC_DI12(1.0),20/06/22 23:00:00,A,GINI_HND,DK,2004,23.9,
ESTAT:ILC_DI12(1.0),20/06/22 23:00:00,A,GINI_HND,DK,2005,23.9,
ESTAT:ILC_DI12(1.0),20/06/22 23:00:00,A,GINI_HND,DK,2006,23.7,
ESTAT:ILC_DI12(1.0),20/06/22 23:00:00,A,GINI_HND,DK,2007,25.2,
ESTAT:ILC_DI12(1.0),20/06/22 23:00:00,A,GINI_HND,DK,2008,25.1,
ESTAT:ILC_DI12(1.0),20/06/22 23:00:00,A,GINI_HND,DK,2009,26.9,
ESTAT:ILC_DI12(1.0),20/06/22 23:00:00,A,GINI_HND,DK,2010,26.9,b
ESTAT:ILC_DI12(1.0),20/06/22 23:00:00,A,GINI_HND,DK,2011,26.6,b
ESTAT:ILC_DI12(1.0),20/06/22 23:00:00,A,GINI_HND,DK,2012,26.5,
ESTAT:ILC_DI12(1.0),20/06/22 23:00:00,A,GINI_HND,DK,2013,26.8,
ESTAT:ILC_DI12(1.0),20/06/22 23:00:00,A,GINI_HND,DK,2014,27.7,
ESTAT:ILC_DI12(1.0),20/06/22 23:00:00,A,GINI_HND,DK,2015,27.4,
ESTAT:ILC_DI12(1.0),20/06/22 23:00:00,A,GINI_HND,DK,2016,27.7,
ESTAT:ILC_DI12(1.0),20/06/22 23:00:00,A,GINI_HND,DK,2017,27.6,
ESTAT:ILC_DI12(1.0),20/06/22 23:00:00,A,GINI_HND,DK,2018,27.8,
ESTAT:ILC_DI12(1.0),20/06/22 23:00:00,A,GINI_HND,DK,2019,27.5,
ESTAT:ILC_DI12(1.0),20/06/22 23:00:00,A,GINI_HND,DK,2020,27.3,b
ESTAT:ILC_DI12(1.0),20/06/22 23:00:00,A,GINI_HND,DK,2021,27.0,
ESTAT:ILC_DI12(1.0),20/06/22 23:00:00,A,GINI_HND,EA,2008,30.5,
ESTAT:ILC_DI12(1.0),20/06/22 23:00:00,A,GINI_HND,EA,2009,30.2,
ESTAT:ILC_DI12(1.0),20/06/22 23:00:00,A,GINI_HND,EA,2010,30.2,
ESTAT:ILC_DI12(1.0),20/06/22 23:00:00,A,GINI_HND,EA,2011,30.6,
ESTAT:ILC_DI12(1.0),20/06/22 23:00:00,A,GINI_HND,EA,2012,30.4,
ESTAT:ILC_DI12(1.0),20/06/22 23:00:00,A,GINI_HND,EA,2013,30.6,
ESTAT:ILC_DI12(1.0),20/06/22 23:00:00,A,GINI_HND,EA,2014,30.9,e
ESTAT:ILC_DI12(1.0),20/06/22 23:00:00,A,GINI_HND,EA,2015,30.7,e
ESTAT:ILC_DI12(1.0),20/06/22 23:00:00,A,GINI_HND,EA,2016,30.7,e
ESTAT:ILC_DI12(1.0),20/06/22 23:00:00,A,GINI_HND,EA,2017,30.4,e
ESTAT:ILC_DI12(1.0),20/06/22 23:00:00,A,GINI_HND,EA,2018,30.6,e
ESTAT:ILC_DI12(1.0),20/06/22 23:00:00,A,GINI_HND,EA,2019,30.2,
ESTAT:ILC_DI12(1.0),20/06/22 23:00:00,A,GINI_HND,EA,2020,30.3,b
ESTAT:ILC_DI12(1.0),20/06/22 23:00:00,A,GINI_HND,EA18,2004,30.7,
ESTAT:ILC_DI12(1.0),20/06/22 23:00:00,A,GINI_HND,EA18,2005,29.3,
ESTAT:ILC_DI12(1.0),20/06/22 23:00:00,A,GINI_HND,EA18,2006,29.3,
ESTAT:ILC_DI12(1.0),20/06/22 23:00:00,A,GINI_HND,EA18,2007,30.0,
ESTAT:ILC_DI12(1.0),20/06/22 23:00:00,A,GINI_HND,EA18,2008,30.5,
ESTAT:ILC_DI12(1.0),20/06/22 23:00:00,A,GINI_HND,EA18,2009,30.3,
ESTAT:ILC_DI12(1.0),20/06/22 23:00:00,A,GINI_HND,EA18,2010,30.3,
ESTAT:ILC_DI12(1.0),20/06/22 23:00:00,A,GINI_HND,EA18,2011,30.6,
ESTAT:ILC_DI12(1.0),20/06/22 23:00:00,A,GINI_HND,EA18,2012,30.4,
ESTAT:ILC_DI12(1.0),20/06/22 23:00:00,A,GINI_HND,EA18,2013,30.7,
ESTAT:ILC_DI12(1.0),20/06/22 23:00:00,A,GINI_HND,EA18,2014,30.9,
ESTAT:ILC_DI12(1.0),20/06/22 23:00:00,A,GINI_HND,EA18,2015,30.7,
ESTAT:ILC_DI12(1.0),20/06/22 23:00:00,A,GINI_HND,EA18,2016,30.7,
ESTAT:ILC_DI12(1.0),20/06/22 23:00:00,A,GINI_HND,EA18,2017,30.3,
ESTAT:ILC_DI12(1.0),20/06/22 23:00:00,A,GINI_HND,EA18,2018,30.6,
ESTAT:ILC_DI12(1.0),20/06/22 23:00:00,A,GINI_HND,EA18,2019,30.2,
ESTAT:ILC_DI12(1.0),20/06/22 23:00:00,A,GINI_HND,EA18,2020,30.2,b
ESTAT:ILC_DI12(1.0),20/06/22 23:00:00,A,GINI_HND,EA19,2005,29.4,
ESTAT:ILC_DI12(1.0),20/06/22 23:00:00,A,GINI_HND,EA19,2006,29.4,
ESTAT:ILC_DI12(1.0),20/06/22 23:00:00,A,GINI_HND,EA19,2007,30.0,
ESTAT:ILC_DI12(1.0),20/06/22 23:00:00,A,GINI_HND,EA19,2008,30.5,
ESTAT:ILC_DI12(1.0),20/06/22 23:00:00,A,GINI_HND,EA19,2009,30.3,
ESTAT:ILC_DI12(1.0),20/06/22 23:00:00,A,GINI_HND,EA19,2010,30.3,
ESTAT:ILC_DI12(1.0),20/06/22 23:00:00,A,GINI_HND,EA19,2011,30.6,
ESTAT:ILC_DI12(1.0),20/06/22 23:00:00,A,GINI_HND,EA19,2012,30.5,
ESTAT:ILC_DI12(1.0),20/06/22 23:00:00,A,GINI_HND,EA19,2013,30.7,
ESTAT:ILC_DI12(1.0),20/06/22 23:00:00,A,GINI_HND,EA19,2014,31.0,
ESTAT:ILC_DI12(1.0),20/06/22 23:00:00,A,GINI_HND,EA19,2015,30.7,
ESTAT:ILC_DI12(1.0),20/06/22 23:00:00,A,GINI_HND,EA19,2016,30.7,
ESTAT:ILC_DI12(1.0),20/06/22 23:00:00,A,GINI_HND,EA19,2017,30.4,
ESTAT:ILC_DI12(1.0),20/06/22 23:00:00,A,GINI_HND,EA19,2018,30.6,
ESTAT:ILC_DI12(1.0),20/06/22 23:00:00,A,GINI_HND,EA19,2019,30.2,
ESTAT:ILC_DI12(1.0),20/06/22 23:00:00,A,GINI_HND,EA19,2020,30.3,b
ESTAT:ILC_DI12(1.0),20/06/22 23:00:00,A,GINI_HND,EE,2000,36,
ESTAT:ILC_DI12(1.0),20/06/22 23:00:00,A,GINI_HND,EE,2001,35,
ESTAT:ILC_DI12(1.0),20/06/22 23:00:00,A,GINI_HND,EE,2002,35,
ESTAT:ILC_DI12(1.0),20/06/22 23:00:00,A,GINI_HND,EE,2004,37.4,b
ESTAT:ILC_DI12(1.0),20/06/22 23:00:00,A,GINI_HND,EE,2005,34.1,
ESTAT:ILC_DI12(1.0),20/06/22 23:00:00,A,GINI_HND,EE,2006,33.1,
ESTAT:ILC_DI12(1.0),20/06/22 23:00:00,A,GINI_HND,EE,2007,33.4,
ESTAT:ILC_DI12(1.0),20/06/22 23:00:00,A,GINI_HND,EE,2008,30.9,
ESTAT:ILC_DI12(1.0),20/06/22 23:00:00,A,GINI_HND,EE,2009,31.4,
ESTAT:ILC_DI12(1.0),20/06/22 23:00:00,A,GINI_HND,EE,2010,31.3,
ESTAT:ILC_DI12(1.0),20/06/22 23:00:00,A,GINI_HND,EE,2011,31.9,
ESTAT:ILC_DI12(1.0),20/06/22 23:00:00,A,GINI_HND,EE,2012,32.5,
ESTAT:ILC_DI12(1.0),20/06/22 23:00:00,A,GINI_HND,EE,2013,32.9,
ESTAT:ILC_DI12(1.0),20/06/22 23:00:00,A,GINI_HND,EE,2014,35.6,b
ESTAT:ILC_DI12(1.0),20/06/22 23:00:00,A,GINI_HND,EE,2015,34.8,
ESTAT:ILC_DI12(1.0),20/06/22 23:00:00,A,GINI_HND,EE,2016,32.7,
ESTAT:ILC_DI12(1.0),20/06/22 23:00:00,A,GINI_HND,EE,2017,31.6,
ESTAT:ILC_DI12(1.0),20/06/22 23:00:00,A,GINI_HND,EE,2018,30.6,
ESTAT:ILC_DI12(1.0),20/06/22 23:00:00,A,GINI_HND,EE,2019,30.5,
ESTAT:ILC_DI12(1.0),20/06/22 23:00:00,A,GINI_HND,EE,2020,30.5,
ESTAT:ILC_DI12(1.0),20/06/22 23:00:00,A,GINI_HND,EE,2021,30.6,
ESTAT:ILC_DI12(1.0),20/06/22 23:00:00,A,GINI_HND,EL,1995,35,
ESTAT:ILC_DI12(1.0),20/06/22 23:00:00,A,GINI_HND,EL,1996,34,
ESTAT:ILC_DI12(1.0),20/06/22 23:00:00,A,GINI_HND,EL,1997,35,
ESTAT:ILC_DI12(1.0),20/06/22 23:00:00,A,GINI_HND,EL,1998,35,
ESTAT:ILC_DI12(1.0),20/06/22 23:00:00,A,GINI_HND,EL,1999,34,
ESTAT:ILC_DI12(1.0),20/06/22 23:00:00,A,GINI_HND,EL,2000,33,
ESTAT:ILC_DI12(1.0),20/06/22 23:00:00,A,GINI_HND,EL,2001,33,
ESTAT:ILC_DI12(1.0),20/06/22 23:00:00,A,GINI_HND,EL,2003,34.7,b
ESTAT:ILC_DI12(1.0),20/06/22 23:00:00,A,GINI_HND,EL,2004,33.0,
ESTAT:ILC_DI12(1.0),20/06/22 23:00:00,A,GINI_HND,EL,2005,33.2,
ESTAT:ILC_DI12(1.0),20/06/22 23:00:00,A,GINI_HND,EL,2006,34.3,
ESTAT:ILC_DI12(1.0),20/06/22 23:00:00,A,GINI_HND,EL,2007,34.3,
ESTAT:ILC_DI12(1.0),20/06/22 23:00:00,A,GINI_HND,EL,2008,33.4,
ESTAT:ILC_DI12(1.0),20/06/22 23:00:00,A,GINI_HND,EL,2009,33.1,
ESTAT:ILC_DI12(1.0),20/06/22 23:00:00,A,GINI_HND,EL,2010,32.9,
ESTAT:ILC_DI12(1.0),20/06/22 23:00:00,A,GINI_HND,EL,2011,33.5,
ESTAT:ILC_DI12(1.0),20/06/22 23:00:00,A,GINI_HND,EL,2012,34.3,
ESTAT:ILC_DI12(1.0),20/06/22 23:00:00,A,GINI_HND,EL,2013,34.4,
ESTAT:ILC_DI12(1.0),20/06/22 23:00:00,A,GINI_HND,EL,2014,34.5,
ESTAT:ILC_DI12(1.0),20/06/22 23:00:00,A,GINI_HND,EL,2015,34.2,
ESTAT:ILC_DI12(1.0),20/06/22 23:00:00,A,GINI_HND,EL,2016,34.3,
ESTAT:ILC_DI12(1.0),20/06/22 23:00:00,A,GINI_HND,EL,2017,33.4,
ESTAT:ILC_DI12(1.0),20/06/22 23:00:00,A,GINI_HND,EL,2018,32.3,
ESTAT:ILC_DI12(1.0),20/06/22 23:00:00,A,GINI_HND,EL,2019,31.0,
ESTAT:ILC_DI12(1.0),20/06/22 23:00:00,A,GINI_HND,EL,2020,31.4,
ESTAT:ILC_DI12(1.0),20/06/22 23:00:00,A,GINI_HND,ES,1995,34,
ESTAT:ILC_DI12(1.0),20/06/22 23:00:00,A,GINI_HND,ES,1996,34,
ESTAT:ILC_DI12(1.0),20/06/22 23:00:00,A,GINI_HND,ES,1997,35,
ESTAT:ILC_DI12(1.0),20/06/22 23:00:00,A,GINI_HND,ES,1998,34,
ESTAT:ILC_DI12(1.0),20/06/22 23:00:00,A,GINI_HND,ES,1999,33,
ESTAT:ILC_DI12(1.0),20/06/22 23:00:00,A,GINI_HND,ES,2000,32,
ESTAT:ILC_DI12(1.0),20/06/22 23:00:00,A,GINI_HND,ES,2001,33,
ESTAT:ILC_DI12(1.0),20/06/22 23:00:00,A,GINI_HND,ES,2002,31,b
ESTAT:ILC_DI12(1.0),20/06/22 23:00:00,A,GINI_HND,ES,2004,31.0,b
ESTAT:ILC_DI12(1.0),20/06/22 23:00:00,A,GINI_HND,ES,2005,32.2,
ESTAT:ILC_DI12(1.0),20/06/22 23:00:00,A,GINI_HND,ES,2006,31.9,
ESTAT:ILC_DI12(1.0),20/06/22 23:00:00,A,GINI_HND,ES,2007,31.9,
ESTAT:ILC_DI12(1.0),20/06/22 23:00:00,A,GINI_HND,ES,2008,32.4,b
ESTAT:ILC_DI12(1.0),20/06/22 23:00:00,A,GINI_HND,ES,2009,32.9,
ESTAT:ILC_DI12(1.0),20/06/22 23:00:00,A,GINI_HND,ES,2010,33.5,
ESTAT:ILC_DI12(1.0),20/06/22 23:00:00,A,GINI_HND,ES,2011,34.0,
ESTAT:ILC_DI12(1.0),20/06/22 23:00:00,A,GINI_HND,ES,2012,34.2,
ESTAT:ILC_DI12(1.0),20/06/22 23:00:00,A,GINI_HND,ES,2013,33.7,
ESTAT:ILC_DI12(1.0),20/06/22 23:00:00,A,GINI_HND,ES,2014,34.7,
ESTAT:ILC_DI12(1.0),20/06/22 23:00:00,A,GINI_HND,ES,2015,34.6,
ESTAT:ILC_DI12(1.0),20/06/22 23:00:00,A,GINI_HND,ES,2016,34.5,
ESTAT:ILC_DI12(1.0),20/06/22 23:00:00,A,GINI_HND,ES,2017,34.1,
ESTAT:ILC_DI12(1.0),20/06/22 23:00:00,A,GINI_HND,ES,2018,33.2,
ESTAT:ILC_DI12(1.0),20/06/22 23:00:00,A,GINI_HND,ES,2019,33.0,
ESTAT:ILC_DI12(1.0),20/06/22 23:00:00,A,GINI_HND,ES,2020,32.1,
ESTAT:ILC_DI12(1.0),20/06/22 23:00:00,A,GINI_HND,EU,2008,31.0,
ESTAT:ILC_DI12(1.0),20/06/22 23:00:00,A,GINI_HND,EU,2009,30.6,
ESTAT:ILC_DI12(1.0),20/06/22 23:00:00,A,GINI_HND,EU,2010,30.5,
ESTAT:ILC_DI12(1.0),20/06/22 23:00:00,A,GINI_HND,EU,2011,30.8,
ESTAT:ILC_DI12(1.0),20/06/22 23:00:00,A,GINI_HND,EU,2012,30.5,
ESTAT:ILC_DI12(1.0),20/06/22 23:00:00,A,GINI_HND,EU,2013,30.5,
ESTAT:ILC_DI12(1.0),20/06/22 23:00:00,A,GINI_HND,EU,2014,31.0,e
ESTAT:ILC_DI12(1.0),20/06/22 23:00:00,A,GINI_HND,EU,2015,31.0,e
ESTAT:ILC_DI12(1.0),20/06/22 23:00:00,A,GINI_HND,EU,2016,30.8,e
ESTAT:ILC_DI12(1.0),20/06/22 23:00:00,A,GINI_HND,EU,2017,30.6,e
ESTAT:ILC_DI12(1.0),20/06/22 23:00:00,A,GINI_HND,EU,2018,30.8,e
ESTAT:ILC_DI12(1.0),20/06/22 23:00:00,A,GINI_HND,EU,2019,30.6,e
ESTAT:ILC_DI12(1.0),20/06/22 23:00:00,A,GINI_HND,EU15,1995,31,e
ESTAT:ILC_DI12(1.0),20/06/22 23:00:00,A,GINI_HND,EU15,1996,30,e
ESTAT:ILC_DI12(1.0),20/06/22 23:00:00,A,GINI_HND,EU15,1997,29,e
ESTAT:ILC_DI12(1.0),20/06/22 23:00:00,A,GINI_HND,EU15,1998,29,e
ESTAT:ILC_DI12(1.0),20/06/22 23:00:00,A,GINI_HND,EU15,1999,29,e
ESTAT:ILC_DI12(1.0),20/06/22 23:00:00,A,GINI_HND,EU15,2000,29,e
ESTAT:ILC_DI12(1.0),20/06/22 23:00:00,A,GINI_HND,EU15,2001,29,e
ESTAT:ILC_DI12(1.0),20/06/22 23:00:00,A,GINI_HND,EU25,1998,29,e
ESTAT:ILC_DI12(1.0),20/06/22 23:00:00,A,GINI_HND,EU25,1999,29,e
ESTAT:ILC_DI12(1.0),20/06/22 23:00:00,A,GINI_HND,EU25,2000,29,e
ESTAT:ILC_DI12(1.0),20/06/22 23:00:00,A,GINI_HND,EU25,2001,29,e
ESTAT:ILC_DI12(1.0),20/06/22 23:00:00,A,GINI_HND,EU27_2007,2005,30.6,s
ESTAT:ILC_DI12(1.0),20/06/22 23:00:00,A,GINI_HND,EU27_2007,2006,30.3,s
ESTAT:ILC_DI12(1.0),20/06/22 23:00:00,A,GINI_HND,EU27_2007,2007,30.6,
ESTAT:ILC_DI12(1.0),20/06/22 23:00:00,A,GINI_HND,EU27_2007,2008,31.0,
ESTAT:ILC_DI12(1.0),20/06/22 23:00:00,A,GINI_HND,EU27_2007,2009,30.6,
ESTAT:ILC_DI12(1.0),20/06/22 23:00:00,A,GINI_HND,EU27_2007,2010,30.5,
ESTAT:ILC_DI12(1.0),20/06/22 23:00:00,A,GINI_HND,EU27_2007,2011,30.8,
ESTAT:ILC_DI12(1.0),20/06/22 23:00:00,A,GINI_HND,EU27_2007,2012,30.5,
ESTAT:ILC_DI12(1.0),20/06/22 23:00:00,A,GINI_HND,EU27_2007,2013,30.5,
ESTAT:ILC_DI12(1.0),20/06/22 23:00:00,A,GINI_HND,EU27_2007,2014,31.0,
ESTAT:ILC_DI12(1.0),20/06/22 23:00:00,A,GINI_HND,EU27_2007,2015,31.0,
ESTAT:ILC_DI12(1.0),20/06/22 23:00:00,A,GINI_HND,EU27_2007,2016,30.8,
ESTAT:ILC_DI12(1.0),20/06/22 23:00:00,A,GINI_HND,EU27_2007,2017,30.6,
ESTAT:ILC_DI12(1.0),20/06/22 23:00:00,A,GINI_HND,EU27_2007,2018,30.8,
ESTAT:ILC_DI12(1.0),20/06/22 23:00:00,A,GINI_HND,EU27_2007,2019,30.6,e
ESTAT:ILC_DI12(1.0),20/06/22 23:00:00,A,GINI_HND,EU27_2020,2010,30.2,
ESTAT:ILC_DI12(1.0),20/06/22 23:00:00,A,GINI_HND,EU27_2020,2011,30.5,
ESTAT:ILC_DI12(1.0),20/06/22 23:00:00,A,GINI_HND,EU27_2020,2012,30.4,
ESTAT:ILC_DI12(1.0),20/06/22 23:00:00,A,GINI_HND,EU27_2020,2013,30.6,
ESTAT:ILC_DI12(1.0),20/06/22 23:00:00,A,GINI_HND,EU27_2020,2014,30.9,e
ESTAT:ILC_DI12(1.0),20/06/22 23:00:00,A,GINI_HND,EU27_2020,2015,30.8,e
ESTAT:ILC_DI12(1.0),20/06/22 23:00:00,A,GINI_HND,EU27_2020,2016,30.6,e
ESTAT:ILC_DI12(1.0),20/06/22 23:00:00,A,GINI_HND,EU27_2020,2017,30.3,e
ESTAT:ILC_DI12(1.0),20/06/22 23:00:00,A,GINI_HND,EU27_2020,2018,30.4,e
ESTAT:ILC_DI12(1.0),20/06/22 23:00:00,A,GINI_HND,EU27_2020,2019,30.2,e
ESTAT:ILC_DI12(1.0),20/06/22 23:00:00,A,GINI_HND,EU27_2020,2020,30.0,b
ESTAT:ILC_DI12(1.0),20/06/22 23:00:00,A,GINI_HND,EU28,2010,30.5,
ESTAT:ILC_DI12(1.0),20/06/22 23:00:00,A,GINI_HND,EU28,2011,30.8,
ESTAT:ILC_DI12(1.0),20/06/22 23:00:00,A,GINI_HND,EU28,2012,30.5,
ESTAT:ILC_DI12(1.0),20/06/22 23:00:00,A,GINI_HND,EU28,2013,30.5,
ESTAT:ILC_DI12(1.0),20/06/22 23:00:00,A,GINI_HND,EU28,2014,31.0,
ESTAT:ILC_DI12(1.0),20/06/22 23:00:00,A,GINI_HND,EU28,2015,31.0,
ESTAT:ILC_DI12(1.0),20/06/22 23:00:00,A,GINI_HND,EU28,2016,30.8,
ESTAT:ILC_DI12(1.0),20/06/22 23:00:00,A,GINI_HND,EU28,2017,30.6,
ESTAT:ILC_DI12(1.0),20/06/22 23:00:00,A,GINI_HND,EU28,2018,30.8,
ESTAT:ILC_DI12(1.0),20/06/22 23:00:00,A,GINI_HND,EU28,2019,30.6,e
ESTAT:ILC_DI12(1.0),20/06/22 23:00:00,A,GINI_HND,FI,1996,22,
ESTAT:ILC_DI12(1.0),20/06/22 23:00:00,A,GINI_HND,FI,1997,22,
ESTAT:ILC_DI12(1.0),20/06/22 23:00:00,A,GINI_HND,FI,1998,22,
ESTAT:ILC_DI12(1.0),20/06/22 23:00:00,A,GINI_HND,FI,1999,24,
ESTAT:ILC_DI12(1.0),20/06/22 23:00:00,A,GINI_HND,FI,2000,24,
ESTAT:ILC_DI12(1.0),20/06/22 23:00:00,A,GINI_HND,FI,2001,27,b
ESTAT:ILC_DI12(1.0),20/06/22 23:00:00,A,GINI_HND,FI,2002,26,
ESTAT:ILC_DI12(1.0),20/06/22 23:00:00,A,GINI_HND,FI,2004,25.5,b
ESTAT:ILC_DI12(1.0),20/06/22 23:00:00,A,GINI_HND,FI,2005,26.0,
ESTAT:ILC_DI12(1.0),20/06/22 23:00:00,A,GINI_HND,FI,2006,25.9,
ESTAT:ILC_DI12(1.0),20/06/22 23:00:00,A,GINI_HND,FI,2007,26.2,
ESTAT:ILC_DI12(1.0),20/06/22 23:00:00,A,GINI_HND,FI,2008,26.3,
ESTAT:ILC_DI12(1.0),20/06/22 23:00:00,A,GINI_HND,FI,2009,25.9,
ESTAT:ILC_DI12(1.0),20/06/22 23:00:00,A,GINI_HND,FI,2010,25.4,
ESTAT:ILC_DI12(1.0),20/06/22 23:00:00,A,GINI_HND,FI,2011,25.8,
ESTAT:ILC_DI12(1.0),20/06/22 23:00:00,A,GINI_HND,FI,2012,25.9,
ESTAT:ILC_DI12(1.0),20/06/22 23:00:00,A,GINI_HND,FI,2013,25.4,
ESTAT:ILC_DI12(1.0),20/06/22 23:00:00,A,GINI_HND,FI,2014,25.6,
ESTAT:ILC_DI12(1.0),20/06/22 23:00:00,A,GINI_HND,FI,2015,25.2,
ESTAT:ILC_DI12(1.0),20/06/22 23:00:00,A,GINI_HND,FI,2016,25.4,
ESTAT:ILC_DI12(1.0),20/06/22 23:00:00,A,GINI_HND,FI,2017,25.3,
ESTAT:ILC_DI12(1.0),20/06/22 23:00:00,A,GINI_HND,FI,2018,25.9,
ESTAT:ILC_DI12(1.0),20/06/22 23:00:00,A,GINI_HND,FI,2019,26.2,
ESTAT:ILC_DI12(1.0),20/06/22 23:00:00,A,GINI_HND,FI,2020,26.5,
ESTAT:ILC_DI12(1.0),20/06/22 23:00:00,A,GINI_HND,FR,1995,29,
ESTAT:ILC_DI12(1.0),20/06/22 23:00:00,A,GINI_HND,FR,1996,29,
ESTAT:ILC_DI12(1.0),20/06/22 23:00:00,A,GINI_HND,FR,1997,29,
ESTAT:ILC_DI12(1.0),20/06/22 23:00:00,A,GINI_HND,FR,1998,28,
ESTAT:ILC_DI12(1.0),20/06/22 23:00:00,A,GINI_HND,FR,1999,29,
ESTAT:ILC_DI12(1.0),20/06/22 23:00:00,A,GINI_HND,FR,2000,28,
ESTAT:ILC_DI12(1.0),20/06/22 23:00:00,A,GINI_HND,FR,2001,27,b
ESTAT:ILC_DI12(1.0),20/06/22 23:00:00,A,GINI_HND,FR,2002,27,
ESTAT:ILC_DI12(1.0),20/06/22 23:00:00,A,GINI_HND,FR,2004,28.2,b
ESTAT:ILC_DI12(1.0),20/06/22 23:00:00,A,GINI_HND,FR,2005,27.7,
ESTAT:ILC_DI12(1.0),20/06/22 23:00:00,A,GINI_HND,FR,2006,27.3,
ESTAT:ILC_DI12(1.0),20/06/22 23:00:00,A,GINI_HND,FR,2007,26.6,
ESTAT:ILC_DI12(1.0),20/06/22 23:00:00,A,GINI_HND,FR,2008,29.8,b
ESTAT:ILC_DI12(1.0),20/06/22 23:00:00,A,GINI_HND,FR,2009,29.9,
ESTAT:ILC_DI12(1.0),20/06/22 23:00:00,A,GINI_HND,FR,2010,29.8,
ESTAT:ILC_DI12(1.0),20/06/22 23:00:00,A,GINI_HND,FR,2011,30.8,
ESTAT:ILC_DI12(1.0),20/06/22 23:00:00,A,GINI_HND,FR,2012,30.5,
ESTAT:ILC_DI12(1.0),20/06/22 23:00:00,A,GINI_HND,FR,2013,30.1,
ESTAT:ILC_DI12(1.0),20/06/22 23:00:00,A,GINI_HND,FR,2014,29.2,
ESTAT:ILC_DI12(1.0),20/06/22 23:00:00,A,GINI_HND,FR,2015,29.2,
ESTAT:ILC_DI12(1.0),20/06/22 23:00:00,A,GINI_HND,FR,2016,29.3,
ESTAT:ILC_DI12(1.0),20/06/22 23:00:00,A,GINI_HND,FR,2017,28.8,
ESTAT:ILC_DI12(1.0),20/06/22 23:00:00,A,GINI_HND,FR,2018,28.5,
ESTAT:ILC_DI12(1.0),20/06/22 23:00:00,A,GINI_HND,FR,2019,29.2,
ESTAT:ILC_DI12(1.0),20/06/22 23:00:00,A,GINI_HND,FR,2020,29.3,b
ESTAT:ILC_DI12(1.0),20/06/22 23:00:00,A,GINI_HND,HR,2010,31.6,
ESTAT:ILC_DI12(1.0),20/06/22 23:00:00,A,GINI_HND,HR,2011,31.2,
ESTAT:ILC_DI12(1.0),20/06/22 23:00:00,A,GINI_HND,HR,2012,30.9,
ESTAT:ILC_DI12(1.0),20/06/22 23:00:00,A,GINI_HND,HR,2013,30.9,
ESTAT:ILC_DI12(1.0),20/06/22 23:00:00,A,GINI_HND,HR,2014,30.2,
ESTAT:ILC_DI12(1.0),20/06/22 23:00:00,A,GINI_HND,HR,2015,30.4,
ESTAT:ILC_DI12(1.0),20/06/22 23:00:00,A,GINI_HND,HR,2016,29.8,
ESTAT:ILC_DI12(1.0),20/06/22 23:00:00,A,GINI_HND,HR,2017,29.9,
ESTAT:ILC_DI12(1.0),20/06/22 23:00:00,A,GINI_HND,HR,2018,29.7,
ESTAT:ILC_DI12(1.0),20/06/22 23:00:00,A,GINI_HND,HR,2019,29.2,
ESTAT:ILC_DI12(1.0),20/06/22 23:00:00,A,GINI_HND,HR,2020,28.3,
ESTAT:ILC_DI12(1.0),20/06/22 23:00:00,A,GINI_HND,HU,2000,26,
ESTAT:ILC_DI12(1.0),20/06/22 23:00:00,A,GINI_HND,HU,2001,25,
ESTAT:ILC_DI12(1.0),20/06/22 23:00:00,A,GINI_HND,HU,2002,24,
ESTAT:ILC_DI12(1.0),20/06/22 23:00:00,A,GINI_HND,HU,2005,27.6,b
ESTAT:ILC_DI12(1.0),20/06/22 23:00:00,A,GINI_HND,HU,2006,33.3,
ESTAT:ILC_DI12(1.0),20/06/22 23:00:00,A,GINI_HND,HU,2007,25.6,
ESTAT:ILC_DI12(1.0),20/06/22 23:00:00,A,GINI_HND,HU,2008,25.2,
ESTAT:ILC_DI12(1.0),20/06/22 23:00:00,A,GINI_HND,HU,2009,24.7,
ESTAT:ILC_DI12(1.0),20/06/22 23:00:00,A,GINI_HND,HU,2010,24.1,
ESTAT:ILC_DI12(1.0),20/06/22 23:00:00,A,GINI_HND,HU,2011,26.9,
ESTAT:ILC_DI12(1.0),20/06/22 23:00:00,A,GINI_HND,HU,2012,27.2,
ESTAT:ILC_DI12(1.0),20/06/22 23:00:00,A,GINI_HND,HU,2013,28.3,
ESTAT:ILC_DI12(1.0),20/06/22 23:00:00,A,GINI_HND,HU,2014,28.6,
ESTAT:ILC_DI12(1.0),20/06/22 23:00:00,A,GINI_HND,HU,2015,28.2,
ESTAT:ILC_DI12(1.0),20/06/22 23:00:00,A,GINI_HND,HU,2016,28.2,
ESTAT:ILC_DI12(1.0),20/06/22 23:00:00,A,GINI_HND,HU,2017,28.1,
ESTAT:ILC_DI12(1.0),20/06/22 23:00:00,A,GINI_HND,HU,2018,28.7,
ESTAT:ILC_DI12(1.0),20/06/22 23:00:00,A,GINI_HND,HU,2019,28.0,
ESTAT:ILC_DI12(1.0),20/06/22 23:00:00,A,GINI_HND,HU,2020,28.0,
ESTAT:ILC_DI12(1.0),20/06/22 23:00:00,A,GINI_HND,IE,1995,33,
ESTAT:ILC_DI12(1.0),20/06/22 23:00:00,A,GINI_HND,IE,1996,33,
ESTAT:ILC_DI12(1.0),20/06/22 23:00:00,A,GINI_HND,IE,1997,33,
ESTAT:ILC_DI12(1.0),20/06/22 23:00:00,A,GINI_HND,IE,1998,34,
ESTAT:ILC_DI12(1.0),20/06/22 23:00:00,A,GINI_HND,IE,1999,32,
ESTAT:ILC_DI12(1.0),20/06/22 23:00:00,A,GINI_HND,IE,2000,30,
ESTAT:ILC_DI12(1.0),20/06/22 23:00:00,A,GINI_HND,IE,2001,29,
ESTAT:ILC_DI12(1.0),20/06/22 23:00:00,A,GINI_HND,IE,2003,30.6,b
ESTAT:ILC_DI12(1.0),20/06/22 23:00:00,A,GINI_HND,IE,2004,31.5,
ESTAT:ILC_DI12(1.0),20/06/22 23:00:00,A,GINI_HND,IE,2005,31.9,
ESTAT:ILC_DI12(1.0),20/06/22 23:00:00,A,GINI_HND,IE,2006,31.9,
ESTAT:ILC_DI12(1.0),20/06/22 23:00:00,A,GINI_HND,IE,2007,31.3,
ESTAT:ILC_DI12(1.0),20/06/22 23:00:00,A,GINI_HND,IE,2008,29.9,
ESTAT:ILC_DI12(1.0),20/06/22 23:00:00,A,GINI_HND,IE,2009,28.8,
ESTAT:ILC_DI12(1.0),20/06/22 23:00:00,A,GINI_HND,IE,2010,30.7,
ESTAT:ILC_DI12(1.0),20/06/22 23:00:00,A,GINI_HND,IE,2011,29.8,
ESTAT:ILC_DI12(1.0),20/06/22 23:00:00,A,GINI_HND,IE,2012,30.4,
ESTAT:ILC_DI12(1.0),20/06/22 23:00:00,A,GINI_HND,IE,2013,30.7,
ESTAT:ILC_DI12(1.0),20/06/22 23:00:00,A,GINI_HND,IE,2014,31.0,
ESTAT:ILC_DI12(1.0),20/06/22 23:00:00,A,GINI_HND,IE,2015,29.7,
ESTAT:ILC_DI12(1.0),20/06/22 23:00:00,A,GINI_HND,IE,2016,29.6,
ESTAT:ILC_DI12(1.0),20/06/22 23:00:00,A,GINI_HND,IE,2017,30.6,
ESTAT:ILC_DI12(1.0),20/06/22 23:00:00,A,GINI_HND,IE,2018,28.9,
ESTAT:ILC_DI12(1.0),20/06/22 23:00:00,A,GINI_HND,IE,2019,28.3,
ESTAT:ILC_DI12(1.0),20/06/22 23:00:00,A,GINI_HND,IE,2020,28.3,b
ESTAT:ILC_DI12(1.0),20/06/22 23:00:00,A,GINI_HND,IS,2004,24.1,
ESTAT:ILC_DI12(1.0),20/06/22 23:00:00,A,GINI_HND,IS,2005,25.1,
ESTAT:ILC_DI12(1.0),20/06/22 23:00:00,A,GINI_HND,IS,2006,26.3,
ESTAT:ILC_DI12(1.0),20/06/22 23:00:00,A,GINI_HND,IS,2007,28.0,
ESTAT:ILC_DI12(1.0),20/06/22 23:00:00,A,GINI_HND,IS,2008,27.3,
ESTAT:ILC_DI12(1.0),20/06/22 23:00:00,A,GINI_HND,IS,2009,29.6,
ESTAT:ILC_DI12(1.0),20/06/22 23:00:00,A,GINI_HND,IS,2010,25.7,
ESTAT:ILC_DI12(1.0),20/06/22 23:00:00,A,GINI_HND,IS,2011,23.6,
ESTAT:ILC_DI12(1.0),20/06/22 23:00:00,A,GINI_HND,IS,2012,24.0,
ESTAT:ILC_DI12(1.0),20/06/22 23:00:00,A,GINI_HND,IS,2013,24.0,
ESTAT:ILC_DI12(1.0),20/06/22 23:00:00,A,GINI_HND,IS,2014,22.7,
ESTAT:ILC_DI12(1.0),20/06/22 23:00:00,A,GINI_HND,IS,2015,24.7,
ESTAT:ILC_DI12(1.0),20/06/22 23:00:00,A,GINI_HND,IS,2016,24.1,
ESTAT:ILC_DI12(1.0),20/06/22 23:00:00,A,GINI_HND,IS,2017,25.2,
ESTAT:ILC_DI12(1.0),20/06/22 23:00:00,A,GINI_HND,IS,2018,23.2,
ESTAT:ILC_DI12(1.0),20/06/22 23:00:00,A,GINI_HND,IT,1995,33,
ESTAT:ILC_DI12(1.0),20/06/22 23:00:00,A,GINI_HND,IT,1996,32,
ESTAT:ILC_DI12(1.0),20/06/22 23:00:00,A,GINI_HND,IT,1997,31,
ESTAT:ILC_DI12(1.0),20/06/22 23:00:00,A,GINI_HND,IT,1998,31,
ESTAT:ILC_DI12(1.0),20/06/22 23:00:00,A,GINI_HND,IT,1999,30,
ESTAT:ILC_DI12(1.0),20/06/22 23:00:00,A,GINI_HND,IT,2000,29,
ESTAT:ILC_DI12(1.0),20/06/22 23:00:00,A,GINI_HND,IT,2001,29,
ESTAT:ILC_DI12(1.0),20/06/22 23:00:00,A,GINI_HND,IT,2004,32.9,b
ESTAT:ILC_DI12(1.0),20/06/22 23:00:00,A,GINI_HND,IT,2005,32.7,
ESTAT:ILC_DI12(1.0),20/06/22 23:00:00,A,GINI_HND,IT,2006,32.1,
ESTAT:ILC_DI12(1.0),20/06/22 23:00:00,A,GINI_HND,IT,2007,32.0,
ESTAT:ILC_DI12(1.0),20/06/22 23:00:00,A,GINI_HND,IT,2008,31.2,
ESTAT:ILC_DI12(1.0),20/06/22 23:00:00,A,GINI_HND,IT,2009,31.8,
ESTAT:ILC_DI12(1.0),20/06/22 23:00:00,A,GINI_HND,IT,2010,31.7,
ESTAT:ILC_DI12(1.0),20/06/22 23:00:00,A,GINI_HND,IT,2011,32.5,
ESTAT:ILC_DI12(1.0),20/06/22 23:00:00,A,GINI_HND,IT,2012,32.4,
ESTAT:ILC_DI12(1.0),20/06/22 23:00:00,A,GINI_HND,IT,2013,32.8,
ESTAT:ILC_DI12(1.0),20/06/22 23:00:00,A,GINI_HND,IT,2014,32.4,
ESTAT:ILC_DI12(1.0),20/06/22 23:00:00,A,GINI_HND,IT,2015,32.4,
ESTAT:ILC_DI12(1.0),20/06/22 23:00:00,A,GINI_HND,IT,2016,33.1,
ESTAT:ILC_DI12(1.0),20/06/22 23:00:00,A,GINI_HND,IT,2017,32.7,
ESTAT:ILC_DI12(1.0),20/06/22 23:00:00,A,GINI_HND,IT,2018,33.4,
ESTAT:ILC_DI12(1.0),20/06/22 23:00:00,A,GINI_HND,IT,2019,32.8,
ESTAT:ILC_DI12(1.0),20/06/22 23:00:00,A,GINI_HND,IT,2020,32.5,
ESTAT:ILC_DI12(1.0),20/06/22 23:00:00,A,GINI_HND,LT,2000,31,
ESTAT:ILC_DI12(1.0),20/06/22 23:00:00,A,GINI_HND,LT,2001,31,
ESTAT:ILC_DI12(1.0),20/06/22 23:00:00,A,GINI_HND,LT,2005,36.3,b
ESTAT:ILC_DI12(1.0),20/06/22 23:00:00,A,GINI_HND,LT,2006,35.0,
ESTAT:ILC_DI12(1.0),20/06/22 23:00:00,A,GINI_HND,LT,2007,33.8,
ESTAT:ILC_DI12(1.0),20/06/22 23:00:00,A,GINI_HND,LT,2008,34.5,
ESTAT:ILC_DI12(1.0),20/06/22 23:00:00,A,GINI_HND,LT,2009,35.9,
ESTAT:ILC_DI12(1.0),20/06/22 23:00:00,A,GINI_HND,LT,2010,37.0,
ESTAT:ILC_DI12(1.0),20/06/22 23:00:00,A,GINI_HND,LT,2011,33.0,
ESTAT:ILC_DI12(1.0),20/06/22 23:00:00,A,GINI_HND,LT,2012,32.0,
ESTAT:ILC_DI12(1.0),20/06/22 23:00:00,A,GINI_HND,LT,2013,34.6,
ESTAT:ILC_DI12(1.0),20/06/22 23:00:00,A,GINI_HND,LT,2014,35.0,
ESTAT:ILC_DI12(1.0),20/06/22 23:00:00,A,GINI_HND,LT,2015,37.9,
ESTAT:ILC_DI12(1.0),20/06/22 23:00:00,A,GINI_HND,LT,2016,37.0,
ESTAT:ILC_DI12(1.0),20/06/22 23:00:00,A,GINI_HND,LT,2017,37.6,
ESTAT:ILC_DI12(1.0),20/06/22 23:00:00,A,GINI_HND,LT,2018,36.9,
ESTAT:ILC_DI12(1.0),20/06/22 23:00:00,A,GINI_HND,LT,2019,35.4,
ESTAT:ILC_DI12(1.0),20/06/22 23:00:00,A,GINI_HND,LT,2020,35.1,
ESTAT:ILC_DI12(1.0),20/06/22 23:00:00,A,GINI_HND,LU,1995,29,
ESTAT:ILC_DI12(1.0),20/06/22 23:00:00,A,GINI_HND,LU,1996,28,
ESTAT:ILC_DI12(1.0),20/06/22 23:00:00,A,GINI_HND,LU,1997,25,
ESTAT:ILC_DI12(1.0),20/06/22 23:00:00,A,GINI_HND,LU,1998,26,
ESTAT:ILC_DI12(1.0),20/06/22 23:00:00,A,GINI_HND,LU,1999,27,
ESTAT:ILC_DI12(1.0),20/06/22 23:00:00,A,GINI_HND,LU,2000,26,
ESTAT:ILC_DI12(1.0),20/06/22 23:00:00,A,GINI_HND,LU,2001,27,
ESTAT:ILC_DI12(1.0),20/06/22 23:00:00,A,GINI_HND,LU,2003,27.6,b
ESTAT:ILC_DI12(1.0),20/06/22 23:00:00,A,GINI_HND,LU,2004,26.5,
ESTAT:ILC_DI12(1.0),20/06/22 23:00:00,A,GINI_HND,LU,2005,26.5,
ESTAT:ILC_DI12(1.0),20/06/22 23:00:00,A,GINI_HND,LU,2006,27.8,
ESTAT:ILC_DI12(1.0),20/06/22 23:00:00,A,GINI_HND,LU,2007,27.4,
ESTAT:ILC_DI12(1.0),20/06/22 23:00:00,A,GINI_HND,LU,2008,27.7,
ESTAT:ILC_DI12(1.0),20/06/22 23:00:00,A,GINI_HND,LU,2009,29.2,
ESTAT:ILC_DI12(1.0),20/06/22 23:00:00,A,GINI_HND,LU,2010,27.9,
ESTAT:ILC_DI12(1.0),20/06/22 23:00:00,A,GINI_HND,LU,2011,27.2,
ESTAT:ILC_DI12(1.0),20/06/22 23:00:00,A,GINI_HND,LU,2012,28.0,
ESTAT:ILC_DI12(1.0),20/06/22 23:00:00,A,GINI_HND,LU,2013,30.4,
ESTAT:ILC_DI12(1.0),20/06/22 23:00:00,A,GINI_HND,LU,2014,28.7,
ESTAT:ILC_DI12(1.0),20/06/22 23:00:00,A,GINI_HND,LU,2015,28.5,
ESTAT:ILC_DI12(1.0),20/06/22 23:00:00,A,GINI_HND,LU,2016,29.6,b
ESTAT:ILC_DI12(1.0),20/06/22 23:00:00,A,GINI_HND,LU,2017,29.2,
ESTAT:ILC_DI12(1.0),20/06/22 23:00:00,A,GINI_HND,LU,2018,31.3,
ESTAT:ILC_DI12(1.0),20/06/22 23:00:00,A,GINI_HND,LU,2019,32.3,
ESTAT:ILC_DI12(1.0),20/06/22 23:00:00,A,GINI_HND,LU,2020,31.2,b
ESTAT:ILC_DI12(1.0),20/06/22 23:00:00,A,GINI_HND,LV,2000,34,
ESTAT:ILC_DI12(1.0),20/06/22 23:00:00,A,GINI_HND,LV,2005,36.2,b
ESTAT:ILC_DI12(1.0),20/06/22 23:00:00,A,GINI_HND,LV,2006,38.9,
ESTAT:ILC_DI12(1.0),20/06/22 23:00:00,A,GINI_HND,LV,2007,35.4,
ESTAT:ILC_DI12(1.0),20/06/22 23:00:00,A,GINI_HND,LV,2008,37.5,
ESTAT:ILC_DI12(1.0),20/06/22 23:00:00,A,GINI_HND,LV,2009,37.5,
ESTAT:ILC_DI12(1.0),20/06/22 23:00:00,A,GINI_HND,LV,2010,35.9,
ESTAT:ILC_DI12(1.0),20/06/22 23:00:00,A,GINI_HND,LV,2011,35.1,
ESTAT:ILC_DI12(1.0),20/06/22 23:00:00,A,GINI_HND,LV,2012,35.7,
ESTAT:ILC_DI12(1.0),20/06/22 23:00:00,A,GINI_HND,LV,2013,35.2,
ESTAT:ILC_DI12(1.0),20/06/22 23:00:00,A,GINI_HND,LV,2014,35.5,
ESTAT:ILC_DI12(1.0),20/06/22 23:00:00,A,GINI_HND,LV,2015,35.4,
ESTAT:ILC_DI12(1.0),20/06/22 23:00:00,A,GINI_HND,LV,2016,34.5,
ESTAT:ILC_DI12(1.0),20/06/22 23:00:00,A,GINI_HND,LV,2017,34.5,
ESTAT:ILC_DI12(1.0),20/06/22 23:00:00,A,GINI_HND,LV,2018,35.6,
ESTAT:ILC_DI12(1.0),20/06/22 23:00:00,A,GINI_HND,LV,2019,35.2,
ESTAT:ILC_DI12(1.0),20/06/22 23:00:00,A,GINI_HND,LV,2020,34.5,
ESTAT:ILC_DI12(1.0),20/06/22 23:00:00,A,GINI_HND,LV,2021,35.7,
ESTAT:ILC_DI12(1.0),20/06/22 23:00:00,A,GINI_HND,ME,2013,38.5,
ESTAT:ILC_DI12(1.0),20/06/22 23:00:00,A,GINI_HND,ME,2014,36.5,
ESTAT:ILC_DI12(1.0),20/06/22 23:00:00,A,GINI_HND,ME,2015,36.5,
ESTAT:ILC_DI12(1.0),20/06/22 23:00:00,A,GINI_HND,ME,2016,36.5,
ESTAT:ILC_DI12(1.0),20/06/22 23:00:00,A,GINI_HND,ME,2017,36.7,
ESTAT:ILC_DI12(1.0),20/06/22 23:00:00,A,GINI_HND,ME,2018,34.7,
ESTAT:ILC_DI12(1.0),20/06/22 23:00:00,A,GINI_HND,ME,2019,34.1,
ESTAT:ILC_DI12(1.0),20/06/22 23:00:00,A,GINI_HND,ME,2020,32.9,
ESTAT:ILC_DI12(1.0),20/06/22 23:00:00,A,GINI_HND,MK,2012,38.8,
ESTAT:ILC_DI12(1.0),20/06/22 23:00:00,A,GINI_HND,MK,2013,37.0,
ESTAT:ILC_DI12(1.0),20/06/22 23:00:00,A,GINI_HND,MK,2014,35.2,
ESTAT:ILC_DI12(1.0),20/06/22 23:00:00,A,GINI_HND,MK,2015,33.7,
ESTAT:ILC_DI12(1.0),20/06/22 23:00:00,A,GINI_HND,MK,2016,33.6,
ESTAT:ILC_DI12(1.0),20/06/22 23:00:00,A,GINI_HND,MK,2017,32.4,
ESTAT:ILC_DI12(1.0),20/06/22 23:00:00,A,GINI_HND,MK,2018,31.9,
ESTAT:ILC_DI12(1.0),20/06/22 23:00:00,A,GINI_HND,MK,2019,30.7,
ESTAT:ILC_DI12(1.0),20/06/22 23:00:00,A,GINI_HND,MK,2020,31.4,
ESTAT:ILC_DI12(1.0),20/06/22 23:00:00,A,GINI_HND,MT,2000,30,
ESTAT:ILC_DI12(1.0),20/06/22 23:00:00,A,GINI_HND,MT,2005,27.0,b
ESTAT:ILC_DI12(1.0),20/06/22 23:00:00,A,GINI_HND,MT,2006,27.1,
ESTAT:ILC_DI12(1.0),20/06/22 23:00:00,A,GINI_HND,MT,2007,26.3,
ESTAT:ILC_DI12(1.0),20/06/22 23:00:00,A,GINI_HND,MT,2008,28.1,
ESTAT:ILC_DI12(1.0),20/06/22 23:00:00,A,GINI_HND,MT,2009,27.4,
ESTAT:ILC_DI12(1.0),20/06/22 23:00:00,A,GINI_HND,MT,2010,28.6,
ESTAT:ILC_DI12(1.0),20/06/22 23:00:00,A,GINI_HND,MT,2011,27.2,
ESTAT:ILC_DI12(1.0),20/06/22 23:00:00,A,GINI_HND,MT,2012,27.1,
ESTAT:ILC_DI12(1.0),20/06/22 23:00:00,A,GINI_HND,MT,2013,28.0,
ESTAT:ILC_DI12(1.0),20/06/22 23:00:00,A,GINI_HND,MT,2014,27.7,
ESTAT:ILC_DI12(1.0),20/06/22 23:00:00,A,GINI_HND,MT,2015,28.1,
ESTAT:ILC_DI12(1.0),20/06/22 23:00:00,A,GINI_HND,MT,2016,28.6,
ESTAT:ILC_DI12(1.0),20/06/22 23:00:00,A,GINI_HND,MT,2017,28.2,
ESTAT:ILC_DI12(1.0),20/06/22 23:00:00,A,GINI_HND,MT,2018,28.7,
ESTAT:ILC_DI12(1.0),20/06/22 23:00:00,A,GINI_HND,MT,2019,28.0,
ESTAT:ILC_DI12(1.0),20/06/22 23:00:00,A,GINI_HND,MT,2020,30.3,
ESTAT:ILC_DI12(1.0),20/06/22 23:00:00,A,GINI_HND,NL,1995,29,
ESTAT:ILC_DI12(1.0),20/06/22 23:00:00,A,GINI_HND,NL,1996,29,
ESTAT:ILC_DI12(1.0),20/06/22 23:00:00,A,GINI_HND,NL,1997,26,
ESTAT:ILC_DI12(1.0),20/06/22 23:00:00,A,GINI_HND,NL,1998,25,
ESTAT:ILC_DI12(1.0),20/06/22 23:00:00,A,GINI_HND,NL,1999,26,
ESTAT:ILC_DI12(1.0),20/06/22 23:00:00,A,GINI_HND,NL,2000,29,
ESTAT:ILC_DI12(1.0),20/06/22 23:00:00,A,GINI_HND,NL,2001,27,
ESTAT:ILC_DI12(1.0),20/06/22 23:00:00,A,GINI_HND,NL,2002,27,
ESTAT:ILC_DI12(1.0),20/06/22 23:00:00,A,GINI_HND,NL,2005,26.9,b
ESTAT:ILC_DI12(1.0),20/06/22 23:00:00,A,GINI_HND,NL,2006,26.4,
ESTAT:ILC_DI12(1.0),20/06/22 23:00:00,A,GINI_HND,NL,2007,27.6,
ESTAT:ILC_DI12(1.0),20/06/22 23:00:00,A,GINI_HND,NL,2008,27.6,
ESTAT:ILC_DI12(1.0),20/06/22 23:00:00,A,GINI_HND,NL,2009,27.2,
ESTAT:ILC_DI12(1.0),20/06/22 23:00:00,A,GINI_HND,NL,2010,25.5,
ESTAT:ILC_DI12(1.0),20/06/22 23:00:00,A,GINI_HND,NL,2011,25.8,
ESTAT:ILC_DI12(1.0),20/06/22 23:00:00,A,GINI_HND,NL,2012,25.4,
ESTAT:ILC_DI12(1.0),20/06/22 23:00:00,A,GINI_HND,NL,2013,25.1,
ESTAT:ILC_DI12(1.0),20/06/22 23:00:00,A,GINI_HND,NL,2014,26.2,
ESTAT:ILC_DI12(1.0),20/06/22 23:00:00,A,GINI_HND,NL,2015,26.7,
ESTAT:ILC_DI12(1.0),20/06/22 23:00:00,A,GINI_HND,NL,2016,26.9,b
ESTAT:ILC_DI12(1.0),20/06/22 23:00:00,A,GINI_HND,NL,2017,27.1,
ESTAT:ILC_DI12(1.0),20/06/22 23:00:00,A,GINI_HND,NL,2018,27.4,
ESTAT:ILC_DI12(1.0),20/06/22 23:00:00,A,GINI_HND,NL,2019,26.8,
ESTAT:ILC_DI12(1.0),20/06/22 23:00:00,A,GINI_HND,NL,2020,28.2,
ESTAT:ILC_DI12(1.0),20/06/22 23:00:00,A,GINI_HND,NMS10,2001,29,e
ESTAT:ILC_DI12(1.0),20/06/22 23:00:00,A,GINI_HND,NMS10,2002,29,e
ESTAT:ILC_DI12(1.0),20/06/22 23:00:00,A,GINI_HND,NO,2003,26.6,b
ESTAT:ILC_DI12(1.0),20/06/22 23:00:00,A,GINI_HND,NO,2004,25.2,
ESTAT:ILC_DI12(1.0),20/06/22 23:00:00,A,GINI_HND,NO,2005,28.2,
ESTAT:ILC_DI12(1.0),20/06/22 23:00:00,A,GINI_HND,NO,2006,29.2,
ESTAT:ILC_DI12(1.0),20/06/22 23:00:00,A,GINI_HND,NO,2007,23.7,
ESTAT:ILC_DI12(1.0),20/06/22 23:00:00,A,GINI_HND,NO,2008,25.1,
ESTAT:ILC_DI12(1.0),20/06/22 23:00:00,A,GINI_HND,NO,2009,24.1,
ESTAT:ILC_DI12(1.0),20/06/22 23:00:00,A,GINI_HND,NO,2010,23.6,
ESTAT:ILC_DI12(1.0),20/06/22 23:00:00,A,GINI_HND,NO,2011,22.9,
ESTAT:ILC_DI12(1.0),20/06/22 23:00:00,A,GINI_HND,NO,2012,22.5,
ESTAT:ILC_DI12(1.0),20/06/22 23:00:00,A,GINI_HND,NO,2013,22.7,
ESTAT:ILC_DI12(1.0),20/06/22 23:00:00,A,GINI_HND,NO,2014,23.5,
ESTAT:ILC_DI12(1.0),20/06/22 23:00:00,A,GINI_HND,NO,2015,23.9,
ESTAT:ILC_DI12(1.0),20/06/22 23:00:00,A,GINI_HND,NO,2016,25.0,
ESTAT:ILC_DI12(1.0),20/06/22 23:00:00,A,GINI_HND,NO,2017,26.1,
ESTAT:ILC_DI12(1.0),20/06/22 23:00:00,A,GINI_HND,NO,2018,24.8,
ESTAT:ILC_DI12(1.0),20/06/22 23:00:00,A,GINI_HND,NO,2019,25.4,
ESTAT:ILC_DI12(1.0),20/06/22 23:00:00,A,GINI_HND,NO,2020,25.3,
ESTAT:ILC_DI12(1.0),20/06/22 23:00:00,A,GINI_HND,PL,2000,30,
ESTAT:ILC_DI12(1.0),20/06/22 23:00:00,A,GINI_HND,PL,2001,30,
ESTAT:ILC_DI12(1.0),20/06/22 23:00:00,A,GINI_HND,PL,2005,35.6,b
ESTAT:ILC_DI12(1.0),20/06/22 23:00:00,A,GINI_HND,PL,2006,33.3,
ESTAT:ILC_DI12(1.0),20/06/22 23:00:00,A,GINI_HND,PL,2007,32.2,
ESTAT:ILC_DI12(1.0),20/06/22 23:00:00,A,GINI_HND,PL,2008,32.0,
ESTAT:ILC_DI12(1.0),20/06/22 23:00:00,A,GINI_HND,PL,2009,31.4,
ESTAT:ILC_DI12(1.0),20/06/22 23:00:00,A,GINI_HND,PL,2010,31.1,
ESTAT:ILC_DI12(1.0),20/06/22 23:00:00,A,GINI_HND,PL,2011,31.1,
ESTAT:ILC_DI12(1.0),20/06/22 23:00:00,A,GINI_HND,PL,2012,30.9,
ESTAT:ILC_DI12(1.0),20/06/22 23:00:00,A,GINI_HND,PL,2013,30.7,
ESTAT:ILC_DI12(1.0),20/06/22 23:00:00,A,GINI_HND,PL,2014,30.8,
ESTAT:ILC_DI12(1.0),20/06/22 23:00:00,A,GINI_HND,PL,2015,30.6,
ESTAT:ILC_DI12(1.0),20/06/22 23:00:00,A,GINI_HND,PL,2016,29.8,
ESTAT:ILC_DI12(1.0),20/06/22 23:00:00,A,GINI_HND,PL,2017,29.2,
ESTAT:ILC_DI12(1.0),20/06/22 23:00:00,A,GINI_HND,PL,2018,27.8,
ESTAT:ILC_DI12(1.0),20/06/22 23:00:00,A,GINI_HND,PL,2019,28.5,
ESTAT:ILC_DI12(1.0),20/06/22 23:00:00,A,GINI_HND,PL,2020,27.2,
ESTAT:ILC_DI12(1.0),20/06/22 23:00:00,A,GINI_HND,PT,1995,37,
ESTAT:ILC_DI12(1.0),20/06/22 23:00:00,A,GINI_HND,PT,1996,36,
ESTAT:ILC_DI12(1.0),20/06/22 23:00:00,A,GINI_HND,PT,1997,36,
ESTAT:ILC_DI12(1.0),20/06/22 23:00:00,A,GINI_HND,PT,1998,37,
ESTAT:ILC_DI12(1.0),20/06/22 23:00:00,A,GINI_HND,PT,1999,36,
ESTAT:ILC_DI12(1.0),20/06/22 23:00:00,A,GINI_HND,PT,2000,36,
ESTAT:ILC_DI12(1.0),20/06/22 23:00:00,A,GINI_HND,PT,2001,37,
ESTAT:ILC_DI12(1.0),20/06/22 23:00:00,A,GINI_HND,PT,2004,37.8,b
ESTAT:ILC_DI12(1.0),20/06/22 23:00:00,A,GINI_HND,PT,2005,38.1,
ESTAT:ILC_DI12(1.0),20/06/22 23:00:00,A,GINI_HND,PT,2006,37.7,
ESTAT:ILC_DI12(1.0),20/06/22 23:00:00,A,GINI_HND,PT,2007,36.8,
ESTAT:ILC_DI12(1.0),20/06/22 23:00:00,A,GINI_HND,PT,2008,35.8,
ESTAT:ILC_DI12(1.0),20/06/22 23:00:00,A,GINI_HND,PT,2009,35.4,
ESTAT:ILC_DI12(1.0),20/06/22 23:00:00,A,GINI_HND,PT,2010,33.7,
ESTAT:ILC_DI12(1.0),20/06/22 23:00:00,A,GINI_HND,PT,2011,34.2,
ESTAT:ILC_DI12(1.0),20/06/22 23:00:00,A,GINI_HND,PT,2012,34.5,
ESTAT:ILC_DI12(1.0),20/06/22 23:00:00,A,GINI_HND,PT,2013,34.2,
ESTAT:ILC_DI12(1.0),20/06/22 23:00:00,A,GINI_HND,PT,2014,34.5,
ESTAT:ILC_DI12(1.0),20/06/22 23:00:00,A,GINI_HND,PT,2015,34.0,
ESTAT:ILC_DI12(1.0),20/06/22 23:00:00,A,GINI_HND,PT,2016,33.9,
ESTAT:ILC_DI12(1.0),20/06/22 23:00:00,A,GINI_HND,PT,2017,33.5,
ESTAT:ILC_DI12(1.0),20/06/22 23:00:00,A,GINI_HND,PT,2018,32.1,
ESTAT:ILC_DI12(1.0),20/06/22 23:00:00,A,GINI_HND,PT,2019,31.9,
ESTAT:ILC_DI12(1.0),20/06/22 23:00:00,A,GINI_HND,PT,2020,31.2,
ESTAT:ILC_DI12(1.0),20/06/22 23:00:00,A,GINI_HND,RO,2000,29,
ESTAT:ILC_DI12(1.0),20/06/22 23:00:00,A,GINI_HND,RO,2001,30,
ESTAT:ILC_DI12(1.0),20/06/22 23:00:00,A,GINI_HND,RO,2002,30,
ESTAT:ILC_DI12(1.0),20/06/22 23:00:00,A,GINI_HND,RO,2007,38.3,b
ESTAT:ILC_DI12(1.0),20/06/22 23:00:00,A,GINI_HND,RO,2008,35.9,
ESTAT:ILC_DI12(1.0),20/06/22 23:00:00,A,GINI_HND,RO,2009,34.5,
ESTAT:ILC_DI12(1.0),20/06/22 23:00:00,A,GINI_HND,RO,2010,33.5,
ESTAT:ILC_DI12(1.0),20/06/22 23:00:00,A,GINI_HND,RO,2011,33.5,
ESTAT:ILC_DI12(1.0),20/06/22 23:00:00,A,GINI_HND,RO,2012,34.0,
ESTAT:ILC_DI12(1.0),20/06/22 23:00:00,A,GINI_HND,RO,2013,34.6,
ESTAT:ILC_DI12(1.0),20/06/22 23:00:00,A,GINI_HND,RO,2014,35.0,
ESTAT:ILC_DI12(1.0),20/06/22 23:00:00,A,GINI_HND,RO,2015,37.4,
ESTAT:ILC_DI12(1.0),20/06/22 23:00:00,A,GINI_HND,RO,2016,34.7,
ESTAT:ILC_DI12(1.0),20/06/22 23:00:00,A,GINI_HND,RO,2017,33.1,
ESTAT:ILC_DI12(1.0),20/06/22 23:00:00,A,GINI_HND,RO,2018,35.1,
ESTAT:ILC_DI12(1.0),20/06/22 23:00:00,A,GINI_HND,RO,2019,34.8,
ESTAT:ILC_DI12(1.0),20/06/22 23:00:00,A,GINI_HND,RO,2020,33.8,
ESTAT:ILC_DI12(1.0),20/06/22 23:00:00,A,GINI_HND,RS,2013,38.0,
ESTAT:ILC_DI12(1.0),20/06/22 23:00:00,A,GINI_HND,RS,2014,38.3,
ESTAT:ILC_DI12(1.0),20/06/22 23:00:00,A,GINI_HND,RS,2015,40.0,
ESTAT:ILC_DI12(1.0),20/06/22 23:00:00,A,GINI_HND,RS,2016,39.8,
ESTAT:ILC_DI12(1.0),20/06/22 23:00:00,A,GINI_HND,RS,2017,37.8,
ESTAT:ILC_DI12(1.0),20/06/22 23:00:00,A,GINI_HND,RS,2018,35.6,
ESTAT:ILC_DI12(1.0),20/06/22 23:00:00,A,GINI_HND,RS,2019,33.3,
ESTAT:ILC_DI12(1.0),20/06/22 23:00:00,A,GINI_HND,RS,2020,33.3,
ESTAT:ILC_DI12(1.0),20/06/22 23:00:00,A,GINI_HND,SE,1997,21,
ESTAT:ILC_DI12(1.0),20/06/22 23:00:00,A,GINI_HND,SE,1999,22,
ESTAT:ILC_DI12(1.0),20/06/22 23:00:00,A,GINI_HND,SE,2001,24,
ESTAT:ILC_DI12(1.0),20/06/22 23:00:00,A,GINI_HND,SE,2002,23,b
ESTAT:ILC_DI12(1.0),20/06/22 23:00:00,A,GINI_HND,SE,2004,23.0,b
ESTAT:ILC_DI12(1.0),20/06/22 23:00:00,A,GINI_HND,SE,2005,23.4,
ESTAT:ILC_DI12(1.0),20/06/22 23:00:00,A,GINI_HND,SE,2006,24.0,
ESTAT:ILC_DI12(1.0),20/06/22 23:00:00,A,GINI_HND,SE,2007,23.4,
ESTAT:ILC_DI12(1.0),20/06/22 23:00:00,A,GINI_HND,SE,2008,25.1,b
ESTAT:ILC_DI12(1.0),20/06/22 23:00:00,A,GINI_HND,SE,2009,26.3,
ESTAT:ILC_DI12(1.0),20/06/22 23:00:00,A,GINI_HND,SE,2010,25.5,
ESTAT:ILC_DI12(1.0),20/06/22 23:00:00,A,GINI_HND,SE,2011,26.0,
ESTAT:ILC_DI12(1.0),20/06/22 23:00:00,A,GINI_HND,SE,2012,26.0,
ESTAT:ILC_DI12(1.0),20/06/22 23:00:00,A,GINI_HND,SE,2013,26.0,
ESTAT:ILC_DI12(1.0),20/06/22 23:00:00,A,GINI_HND,SE,2014,26.9,
ESTAT:ILC_DI12(1.0),20/06/22 23:00:00,A,GINI_HND,SE,2015,26.7,
ESTAT:ILC_DI12(1.0),20/06/22 23:00:00,A,GINI_HND,SE,2016,27.6,
ESTAT:ILC_DI12(1.0),20/06/22 23:00:00,A,GINI_HND,SE,2017,28.0,
ESTAT:ILC_DI12(1.0),20/06/22 23:00:00,A,GINI_HND,SE,2018,27.0,
ESTAT:ILC_DI12(1.0),20/06/22 23:00:00,A,GINI_HND,SE,2019,27.6,
ESTAT:ILC_DI12(1.0),20/06/22 23:00:00,A,GINI_HND,SE,2020,26.9,
ESTAT:ILC_DI12(1.0),20/06/22 23:00:00,A,GINI_HND,SE,2021,26.8,
ESTAT:ILC_DI12(1.0),20/06/22 23:00:00,A,GINI_HND,SI,2000,22,
ESTAT:ILC_DI12(1.0),20/06/22 23:00:00,A,GINI_HND,SI,2001,22,
ESTAT:ILC_DI12(1.0),20/06/22 23:00:00,A,GINI_HND,SI,2002,22,
ESTAT:ILC_DI12(1.0),20/06/22 23:00:00,A,GINI_HND,SI,2005,23.8,b
ESTAT:ILC_DI12(1.0),20/06/22 23:00:00,A,GINI_HND,SI,2006,23.7,
ESTAT:ILC_DI12(1.0),20/06/22 23:00:00,A,GINI_HND,SI,2007,23.2,
ESTAT:ILC_DI12(1.0),20/06/22 23:00:00,A,GINI_HND,SI,2008,23.4,
ESTAT:ILC_DI12(1.0),20/06/22 23:00:00,A,GINI_HND,SI,2009,22.7,
ESTAT:ILC_DI12(1.0),20/06/22 23:00:00,A,GINI_HND,SI,2010,23.8,
ESTAT:ILC_DI12(1.0),20/06/22 23:00:00,A,GINI_HND,SI,2011,23.8,
ESTAT:ILC_DI12(1.0),20/06/22 23:00:00,A,GINI_HND,SI,2012,23.7,
ESTAT:ILC_DI12(1.0),20/06/22 23:00:00,A,GINI_HND,SI,2013,24.4,
ESTAT:ILC_DI12(1.0),20/06/22 23:00:00,A,GINI_HND,SI,2014,25.0,
ESTAT:ILC_DI12(1.0),20/06/22 23:00:00,A,GINI_HND,SI,2015,24.5,
ESTAT:ILC_DI12(1.0),20/06/22 23:00:00,A,GINI_HND,SI,2016,24.4,
ESTAT:ILC_DI12(1.0),20/06/22 23:00:00,A,GINI_HND,SI,2017,23.7,
ESTAT:ILC_DI12(1.0),20/06/22 23:00:00,A,GINI_HND,SI,2018,23.4,
ESTAT:ILC_DI12(1.0),20/06/22 23:00:00,A,GINI_HND,SI,2019,23.9,
ESTAT:ILC_DI12(1.0),20/06/22 23:00:00,A,GINI_HND,SI,2020,23.5,
ESTAT:ILC_DI12(1.0),20/06/22 23:00:00,A,GINI_HND,SK,2005,26.2,b
ESTAT:ILC_DI12(1.0),20/06/22 23:00:00,A,GINI_HND,SK,2006,28.1,
ESTAT:ILC_DI12(1.0),20/06/22 23:00:00,A,GINI_HND,SK,2007,24.5,
ESTAT:ILC_DI12(1.0),20/06/22 23:00:00,A,GINI_HND,SK,2008,23.7,
ESTAT:ILC_DI12(1.0),20/06/22 23:00:00,A,GINI_HND,SK,2009,24.8,
ESTAT:ILC_DI12(1.0),20/06/22 23:00:00,A,GINI_HND,SK,2010,25.9,
ESTAT:ILC_DI12(1.0),20/06/22 23:00:00,A,GINI_HND,SK,2011,25.7,
ESTAT:ILC_DI12(1.0),20/06/22 23:00:00,A,GINI_HND,SK,2012,25.3,
ESTAT:ILC_DI12(1.0),20/06/22 23:00:00,A,GINI_HND,SK,2013,24.2,
ESTAT:ILC_DI12(1.0),20/06/22 23:00:00,A,GINI_HND,SK,2014,26.1,
ESTAT:ILC_DI12(1.0),20/06/22 23:00:00,A,GINI_HND,SK,2015,23.7,
ESTAT:ILC_DI12(1.0),20/06/22 23:00:00,A,GINI_HND,SK,2016,24.3,
ESTAT:ILC_DI12(1.0),20/06/22 23:00:00,A,GINI_HND,SK,2017,23.2,
ESTAT:ILC_DI12(1.0),20/06/22 23:00:00,A,GINI_HND,SK,2018,20.9,
ESTAT:ILC_DI12(1.0),20/06/22 23:00:00,A,GINI_HND,SK,2019,22.8,
ESTAT:ILC_DI12(1.0),20/06/22 23:00:00,A,GINI_HND,SK,2020,20.9,
ESTAT:ILC_DI12(1.0),20/06/22 23:00:00,A,GINI_HND,TR,2002,46,
ESTAT:ILC_DI12(1.0),20/06/22 23:00:00,A,GINI_HND,TR,2006,44.9,
ESTAT:ILC_DI12(1.0),20/06/22 23:00:00,A,GINI_HND,TR,2007,43.2,
ESTAT:ILC_DI12(1.0),20/06/22 23:00:00,A,GINI_HND,TR,2008,43.0,
ESTAT:ILC_DI12(1.0),20/06/22 23:00:00,A,GINI_HND,TR,2009,44.2,
ESTAT:ILC_DI12(1.0),20/06/22 23:00:00,A,GINI_HND,TR,2010,43.5,
ESTAT:ILC_DI12(1.0),20/06/22 23:00:00,A,GINI_HND,TR,2011,43.3,
ESTAT:ILC_DI12(1.0),20/06/22 23:00:00,A,GINI_HND,TR,2012,42.8,
ESTAT:ILC_DI12(1.0),20/06/22 23:00:00,A,GINI_HND,TR,2013,42.1,
ESTAT:ILC_DI12(1.0),20/06/22 23:00:00,A,GINI_HND,TR,2014,41.2,
ESTAT:ILC_DI12(1.0),20/06/22 23:00:00,A,GINI_HND,TR,2015,41.9,
ESTAT:ILC_DI12(1.0),20/06/22 23:00:00,A,GINI_HND,TR,2016,42.6,
ESTAT:ILC_DI12(1.0),20/06/22 23:00:00,A,GINI_HND,TR,2017,43.0,
ESTAT:ILC_DI12(1.0),20/06/22 23:00:00,A,GINI_HND,TR,2018,43.0,
ESTAT:ILC_DI12(1.0),20/06/22 23:00:00,A,GINI_HND,TR,2019,41.7,
ESTAT:ILC_DI12(1.0),20/06/22 23:00:00,A,GINI_HND,TR,2020,43.4,
ESTAT:ILC_DI12(1.0),20/06/22 23:00:00,A,GINI_HND,UK,1995,32,
ESTAT:ILC_DI12(1.0),20/06/22 23:00:00,A,GINI_HND,UK,1996,32,
ESTAT:ILC_DI12(1.0),20/06/22 23:00:00,A,GINI_HND,UK,1997,30,
ESTAT:ILC_DI12(1.0),20/06/22 23:00:00,A,GINI_HND,UK,1998,32,
ESTAT:ILC_DI12(1.0),20/06/22 23:00:00,A,GINI_HND,UK,1999,32,
ESTAT:ILC_DI12(1.0),20/06/22 23:00:00,A,GINI_HND,UK,2000,32,b
ESTAT:ILC_DI12(1.0),20/06/22 23:00:00,A,GINI_HND,UK,2001,35,
ESTAT:ILC_DI12(1.0),20/06/22 23:00:00,A,GINI_HND,UK,2002,35,
ESTAT:ILC_DI12(1.0),20/06/22 23:00:00,A,GINI_HND,UK,2005,34.6,b
ESTAT:ILC_DI12(1.0),20/06/22 23:00:00,A,GINI_HND,UK,2006,32.5,
ESTAT:ILC_DI12(1.0),20/06/22 23:00:00,A,GINI_HND,UK,2007,32.6,
ESTAT:ILC_DI12(1.0),20/06/22 23:00:00,A,GINI_HND,UK,2008,33.9,
ESTAT:ILC_DI12(1.0),20/06/22 23:00:00,A,GINI_HND,UK,2009,32.4,
ESTAT:ILC_DI12(1.0),20/06/22 23:00:00,A,GINI_HND,UK,2010,32.9,
ESTAT:ILC_DI12(1.0),20/06/22 23:00:00,A,GINI_HND,UK,2011,33.0,
ESTAT:ILC_DI12(1.0),20/06/22 23:00:00,A,GINI_HND,UK,2012,31.3,b
ESTAT:ILC_DI12(1.0),20/06/22 23:00:00,A,GINI_HND,UK,2013,30.2,
ESTAT:ILC_DI12(1.0),20/06/22 23:00:00,A,GINI_HND,UK,2014,31.6,
ESTAT:ILC_DI12(1.0),20/06/22 23:00:00,A,GINI_HND,UK,2015,32.4,
ESTAT:ILC_DI12(1.0),20/06/22 23:00:00,A,GINI_HND,UK,2016,31.5,
ESTAT:ILC_DI12(1.0),20/06/22 23:00:00,A,GINI_HND,UK,2017,33.1,b
ESTAT:ILC_DI12(1.0),20/06/22 23:00:00,A,GINI_HND,UK,2018,33.5,
ESTAT:ILC_DI12(1.0),20/06/22 23:00:00,A,GINI_HND,XK,2018,44.2,
