DATAFLOW,LAST UPDATE,freq,unit,sex,isced11,age,geo,TIME_PERIOD,OBS_VALUE,OBS_FLAG
ESTAT:EDAT_LFS_9903$DEFAULTVIEW(1.0),13/10/21 23:00:00,A,PC,T,ED5-8,Y15-64,AT,2011,16.3,
ESTAT:EDAT_LFS_9903$DEFAULTVIEW(1.0),13/10/21 23:00:00,A,PC,T,ED5-8,Y15-64,AT,2012,16.9,
ESTAT:EDAT_LFS_9903$DEFAULTVIEW(1.0),13/10/21 23:00:00,A,PC,T,ED5-8,Y15-64,AT,2013,17.7,
ESTAT:EDAT_LFS_9903$DEFAULTVIEW(1.0),13/10/21 23:00:00,A,PC,T,ED5-8,Y15-64,AT,2014,27.4,b
ESTAT:EDAT_LFS_9903$DEFAULTVIEW(1.0),13/10/21 23:00:00,A,PC,T,ED5-8,Y15-64,AT,2015,28.1,
ESTAT:EDAT_LFS_9903$DEFAULTVIEW(1.0),13/10/21 23:00:00,A,PC,T,ED5-8,Y15-64,AT,2016,28.9,
ESTAT:EDAT_LFS_9903$DEFAULTVIEW(1.0),13/10/21 23:00:00,A,PC,T,ED5-8,Y15-64,AT,2017,29.7,
ESTAT:EDAT_LFS_9903$DEFAULTVIEW(1.0),13/10/21 23:00:00,A,PC,T,ED5-8,Y15-64,AT,2018,30.1,
ESTAT:EDAT_LFS_9903$DEFAULTVIEW(1.0),13/10/21 23:00:00,A,PC,T,ED5-8,Y15-64,AT,2019,31.1,
ESTAT:EDAT_LFS_9903$DEFAULTVIEW(1.0),13/10/21 23:00:00,A,PC,T,ED5-8,Y15-64,AT,2020,31.3,
ESTAT:EDAT_LFS_9903$DEFAULTVIEW(1.0),13/10/21 23:00:00,A,PC,T,ED5-8,Y15-64,BE,2011,30.4,
ESTAT:EDAT_LFS_9903$DEFAULTVIEW(1.0),13/10/21 23:00:00,A,PC,T,ED5-8,Y15-64,BE,2012,31.3,
ESTAT:EDAT_LFS_9903$DEFAULTVIEW(1.0),13/10/21 23:00:00,A,PC,T,ED5-8,Y15-64,BE,2013,31.5,
ESTAT:EDAT_LFS_9903$DEFAULTVIEW(1.0),13/10/21 23:00:00,A,PC,T,ED5-8,Y15-64,BE,2014,32.6,b
ESTAT:EDAT_LFS_9903$DEFAULTVIEW(1.0),13/10/21 23:00:00,A,PC,T,ED5-8,Y15-64,BE,2015,32.7,
ESTAT:EDAT_LFS_9903$DEFAULTVIEW(1.0),13/10/21 23:00:00,A,PC,T,ED5-8,Y15-64,BE,2016,33.2,
ESTAT:EDAT_LFS_9903$DEFAULTVIEW(1.0),13/10/21 23:00:00,A,PC,T,ED5-8,Y15-64,BE,2017,35.6,b
ESTAT:EDAT_LFS_9903$DEFAULTVIEW(1.0),13/10/21 23:00:00,A,PC,T,ED5-8,Y15-64,BE,2018,36.0,
ESTAT:EDAT_LFS_9903$DEFAULTVIEW(1.0),13/10/21 23:00:00,A,PC,T,ED5-8,Y15-64,BE,2019,36.0,
ESTAT:EDAT_LFS_9903$DEFAULTVIEW(1.0),13/10/21 23:00:00,A,PC,T,ED5-8,Y15-64,BE,2020,37.6,
ESTAT:EDAT_LFS_9903$DEFAULTVIEW(1.0),13/10/21 23:00:00,A,PC,T,ED5-8,Y15-64,BG,2011,20.1,b
ESTAT:EDAT_LFS_9903$DEFAULTVIEW(1.0),13/10/21 23:00:00,A,PC,T,ED5-8,Y15-64,BG,2012,20.7,
ESTAT:EDAT_LFS_9903$DEFAULTVIEW(1.0),13/10/21 23:00:00,A,PC,T,ED5-8,Y15-64,BG,2013,22.2,
ESTAT:EDAT_LFS_9903$DEFAULTVIEW(1.0),13/10/21 23:00:00,A,PC,T,ED5-8,Y15-64,BG,2014,23.6,b
ESTAT:EDAT_LFS_9903$DEFAULTVIEW(1.0),13/10/21 23:00:00,A,PC,T,ED5-8,Y15-64,BG,2015,24.1,
ESTAT:EDAT_LFS_9903$DEFAULTVIEW(1.0),13/10/21 23:00:00,A,PC,T,ED5-8,Y15-64,BG,2016,24.4,
ESTAT:EDAT_LFS_9903$DEFAULTVIEW(1.0),13/10/21 23:00:00,A,PC,T,ED5-8,Y15-64,BG,2017,24.5,
ESTAT:EDAT_LFS_9903$DEFAULTVIEW(1.0),13/10/21 23:00:00,A,PC,T,ED5-8,Y15-64,BG,2018,24.8,
ESTAT:EDAT_LFS_9903$DEFAULTVIEW(1.0),13/10/21 23:00:00,A,PC,T,ED5-8,Y15-64,BG,2019,24.7,
ESTAT:EDAT_LFS_9903$DEFAULTVIEW(1.0),13/10/21 23:00:00,A,PC,T,ED5-8,Y15-64,BG,2020,25.6,
ESTAT:EDAT_LFS_9903$DEFAULTVIEW(1.0),13/10/21 23:00:00,A,PC,T,ED5-8,Y15-64,CH,2011,28.9,
ESTAT:EDAT_LFS_9903$DEFAULTVIEW(1.0),13/10/21 23:00:00,A,PC,T,ED5-8,Y15-64,CH,2012,30.1,
ESTAT:EDAT_LFS_9903$DEFAULTVIEW(1.0),13/10/21 23:00:00,A,PC,T,ED5-8,Y15-64,CH,2013,31.9,
ESTAT:EDAT_LFS_9903$DEFAULTVIEW(1.0),13/10/21 23:00:00,A,PC,T,ED5-8,Y15-64,CH,2014,32.9,b
ESTAT:EDAT_LFS_9903$DEFAULTVIEW(1.0),13/10/21 23:00:00,A,PC,T,ED5-8,Y15-64,CH,2015,34.2,
ESTAT:EDAT_LFS_9903$DEFAULTVIEW(1.0),13/10/21 23:00:00,A,PC,T,ED5-8,Y15-64,CH,2016,35.4,
ESTAT:EDAT_LFS_9903$DEFAULTVIEW(1.0),13/10/21 23:00:00,A,PC,T,ED5-8,Y15-64,CH,2017,36.8,
ESTAT:EDAT_LFS_9903$DEFAULTVIEW(1.0),13/10/21 23:00:00,A,PC,T,ED5-8,Y15-64,CH,2018,37.7,
ESTAT:EDAT_LFS_9903$DEFAULTVIEW(1.0),13/10/21 23:00:00,A,PC,T,ED5-8,Y15-64,CH,2019,38.6,
ESTAT:EDAT_LFS_9903$DEFAULTVIEW(1.0),13/10/21 23:00:00,A,PC,T,ED5-8,Y15-64,CH,2020,39.3,
ESTAT:EDAT_LFS_9903$DEFAULTVIEW(1.0),13/10/21 23:00:00,A,PC,T,ED5-8,Y15-64,CY,2011,33.7,
ESTAT:EDAT_LFS_9903$DEFAULTVIEW(1.0),13/10/21 23:00:00,A,PC,T,ED5-8,Y15-64,CY,2012,35.0,
ESTAT:EDAT_LFS_9903$DEFAULTVIEW(1.0),13/10/21 23:00:00,A,PC,T,ED5-8,Y15-64,CY,2013,35.4,
ESTAT:EDAT_LFS_9903$DEFAULTVIEW(1.0),13/10/21 23:00:00,A,PC,T,ED5-8,Y15-64,CY,2014,36.4,b
ESTAT:EDAT_LFS_9903$DEFAULTVIEW(1.0),13/10/21 23:00:00,A,PC,T,ED5-8,Y15-64,CY,2015,36.4,
ESTAT:EDAT_LFS_9903$DEFAULTVIEW(1.0),13/10/21 23:00:00,A,PC,T,ED5-8,Y15-64,CY,2016,37.6,
ESTAT:EDAT_LFS_9903$DEFAULTVIEW(1.0),13/10/21 23:00:00,A,PC,T,ED5-8,Y15-64,CY,2017,38.1,
ESTAT:EDAT_LFS_9903$DEFAULTVIEW(1.0),13/10/21 23:00:00,A,PC,T,ED5-8,Y15-64,CY,2018,39.4,
ESTAT:EDAT_LFS_9903$DEFAULTVIEW(1.0),13/10/21 23:00:00,A,PC,T,ED5-8,Y15-64,CY,2019,40.0,
ESTAT:EDAT_LFS_9903$DEFAULTVIEW(1.0),13/10/21 23:00:00,A,PC,T,ED5-8,Y15-64,CY,2020,40.2,
ESTAT:EDAT_LFS_9903$DEFAULTVIEW(1.0),13/10/21 23:00:00,A,PC,T,ED5-8,Y15-64,CZ,2011,15.8,b
ESTAT:EDAT_LFS_9903$DEFAULTVIEW(1.0),13/10/21 23:00:00,A,PC,T,ED5-8,Y15-64,CZ,2012,17.0,
ESTAT:EDAT_LFS_9903$DEFAULTVIEW(1.0),13/10/21 23:00:00,A,PC,T,ED5-8,Y15-64,CZ,2013,18.1,
ESTAT:EDAT_LFS_9903$DEFAULTVIEW(1.0),13/10/21 23:00:00,A,PC,T,ED5-8,Y15-64,CZ,2014,19.1,b
ESTAT:EDAT_LFS_9903$DEFAULTVIEW(1.0),13/10/21 23:00:00,A,PC,T,ED5-8,Y15-64,CZ,2015,19.8,
ESTAT:EDAT_LFS_9903$DEFAULTVIEW(1.0),13/10/21 23:00:00,A,PC,T,ED5-8,Y15-64,CZ,2016,20.6,
ESTAT:EDAT_LFS_9903$DEFAULTVIEW(1.0),13/10/21 23:00:00,A,PC,T,ED5-8,Y15-64,CZ,2017,21.4,
ESTAT:EDAT_LFS_9903$DEFAULTVIEW(1.0),13/10/21 23:00:00,A,PC,T,ED5-8,Y15-64,CZ,2018,21.7,
ESTAT:EDAT_LFS_9903$DEFAULTVIEW(1.0),13/10/21 23:00:00,A,PC,T,ED5-8,Y15-64,CZ,2019,21.6,
ESTAT:EDAT_LFS_9903$DEFAULTVIEW(1.0),13/10/21 23:00:00,A,PC,T,ED5-8,Y15-64,CZ,2020,22.1,
ESTAT:EDAT_LFS_9903$DEFAULTVIEW(1.0),13/10/21 23:00:00,A,PC,T,ED5-8,Y15-64,DE,2011,24.3,
ESTAT:EDAT_LFS_9903$DEFAULTVIEW(1.0),13/10/21 23:00:00,A,PC,T,ED5-8,Y15-64,DE,2012,24.9,
ESTAT:EDAT_LFS_9903$DEFAULTVIEW(1.0),13/10/21 23:00:00,A,PC,T,ED5-8,Y15-64,DE,2013,25.2,
ESTAT:EDAT_LFS_9903$DEFAULTVIEW(1.0),13/10/21 23:00:00,A,PC,T,ED5-8,Y15-64,DE,2014,23.2,b
ESTAT:EDAT_LFS_9903$DEFAULTVIEW(1.0),13/10/21 23:00:00,A,PC,T,ED5-8,Y15-64,DE,2015,23.8,
ESTAT:EDAT_LFS_9903$DEFAULTVIEW(1.0),13/10/21 23:00:00,A,PC,T,ED5-8,Y15-64,DE,2016,24.4,
ESTAT:EDAT_LFS_9903$DEFAULTVIEW(1.0),13/10/21 23:00:00,A,PC,T,ED5-8,Y15-64,DE,2017,24.8,
ESTAT:EDAT_LFS_9903$DEFAULTVIEW(1.0),13/10/21 23:00:00,A,PC,T,ED5-8,Y15-64,DE,2018,25.2,
ESTAT:EDAT_LFS_9903$DEFAULTVIEW(1.0),13/10/21 23:00:00,A,PC,T,ED5-8,Y15-64,DE,2019,26.0,
ESTAT:EDAT_LFS_9903$DEFAULTVIEW(1.0),13/10/21 23:00:00,A,PC,T,ED5-8,Y15-64,DE,2020,27.2,bp
ESTAT:EDAT_LFS_9903$DEFAULTVIEW(1.0),13/10/21 23:00:00,A,PC,T,ED5-8,Y15-64,DK,2011,27.8,
ESTAT:EDAT_LFS_9903$DEFAULTVIEW(1.0),13/10/21 23:00:00,A,PC,T,ED5-8,Y15-64,DK,2012,28.5,
ESTAT:EDAT_LFS_9903$DEFAULTVIEW(1.0),13/10/21 23:00:00,A,PC,T,ED5-8,Y15-64,DK,2013,28.9,
ESTAT:EDAT_LFS_9903$DEFAULTVIEW(1.0),13/10/21 23:00:00,A,PC,T,ED5-8,Y15-64,DK,2014,29.4,b
ESTAT:EDAT_LFS_9903$DEFAULTVIEW(1.0),13/10/21 23:00:00,A,PC,T,ED5-8,Y15-64,DK,2015,30.2,
ESTAT:EDAT_LFS_9903$DEFAULTVIEW(1.0),13/10/21 23:00:00,A,PC,T,ED5-8,Y15-64,DK,2016,31.1,b
ESTAT:EDAT_LFS_9903$DEFAULTVIEW(1.0),13/10/21 23:00:00,A,PC,T,ED5-8,Y15-64,DK,2017,32.2,b
ESTAT:EDAT_LFS_9903$DEFAULTVIEW(1.0),13/10/21 23:00:00,A,PC,T,ED5-8,Y15-64,DK,2018,32.6,
ESTAT:EDAT_LFS_9903$DEFAULTVIEW(1.0),13/10/21 23:00:00,A,PC,T,ED5-8,Y15-64,DK,2019,33.4,
ESTAT:EDAT_LFS_9903$DEFAULTVIEW(1.0),13/10/21 23:00:00,A,PC,T,ED5-8,Y15-64,DK,2020,33.7,
ESTAT:EDAT_LFS_9903$DEFAULTVIEW(1.0),13/10/21 23:00:00,A,PC,T,ED5-8,Y15-64,EA19,2011,23.5,
ESTAT:EDAT_LFS_9903$DEFAULTVIEW(1.0),13/10/21 23:00:00,A,PC,T,ED5-8,Y15-64,EA19,2012,24.2,
ESTAT:EDAT_LFS_9903$DEFAULTVIEW(1.0),13/10/21 23:00:00,A,PC,T,ED5-8,Y15-64,EA19,2013,25.0,
ESTAT:EDAT_LFS_9903$DEFAULTVIEW(1.0),13/10/21 23:00:00,A,PC,T,ED5-8,Y15-64,EA19,2014,25.3,b
ESTAT:EDAT_LFS_9903$DEFAULTVIEW(1.0),13/10/21 23:00:00,A,PC,T,ED5-8,Y15-64,EA19,2015,25.9,
ESTAT:EDAT_LFS_9903$DEFAULTVIEW(1.0),13/10/21 23:00:00,A,PC,T,ED5-8,Y15-64,EA19,2016,26.5,
ESTAT:EDAT_LFS_9903$DEFAULTVIEW(1.0),13/10/21 23:00:00,A,PC,T,ED5-8,Y15-64,EA19,2017,27.1,
ESTAT:EDAT_LFS_9903$DEFAULTVIEW(1.0),13/10/21 23:00:00,A,PC,T,ED5-8,Y15-64,EA19,2018,27.9,
ESTAT:EDAT_LFS_9903$DEFAULTVIEW(1.0),13/10/21 23:00:00,A,PC,T,ED5-8,Y15-64,EA19,2019,28.7,
ESTAT:EDAT_LFS_9903$DEFAULTVIEW(1.0),13/10/21 23:00:00,A,PC,T,ED5-8,Y15-64,EA19,2020,29.9,
ESTAT:EDAT_LFS_9903$DEFAULTVIEW(1.0),13/10/21 23:00:00,A,PC,T,ED5-8,Y15-64,EE,2011,31.3,
ESTAT:EDAT_LFS_9903$DEFAULTVIEW(1.0),13/10/21 23:00:00,A,PC,T,ED5-8,Y15-64,EE,2012,32.1,
ESTAT:EDAT_LFS_9903$DEFAULTVIEW(1.0),13/10/21 23:00:00,A,PC,T,ED5-8,Y15-64,EE,2013,32.3,
ESTAT:EDAT_LFS_9903$DEFAULTVIEW(1.0),13/10/21 23:00:00,A,PC,T,ED5-8,Y15-64,EE,2014,32.6,b
ESTAT:EDAT_LFS_9903$DEFAULTVIEW(1.0),13/10/21 23:00:00,A,PC,T,ED5-8,Y15-64,EE,2015,33.3,
ESTAT:EDAT_LFS_9903$DEFAULTVIEW(1.0),13/10/21 23:00:00,A,PC,T,ED5-8,Y15-64,EE,2016,34.1,
ESTAT:EDAT_LFS_9903$DEFAULTVIEW(1.0),13/10/21 23:00:00,A,PC,T,ED5-8,Y15-64,EE,2017,34.7,
ESTAT:EDAT_LFS_9903$DEFAULTVIEW(1.0),13/10/21 23:00:00,A,PC,T,ED5-8,Y15-64,EE,2018,35.9,
ESTAT:EDAT_LFS_9903$DEFAULTVIEW(1.0),13/10/21 23:00:00,A,PC,T,ED5-8,Y15-64,EE,2019,36.5,
ESTAT:EDAT_LFS_9903$DEFAULTVIEW(1.0),13/10/21 23:00:00,A,PC,T,ED5-8,Y15-64,EE,2020,37.1,
ESTAT:EDAT_LFS_9903$DEFAULTVIEW(1.0),13/10/21 23:00:00,A,PC,T,ED5-8,Y15-64,EL,2011,22.2,
ESTAT:EDAT_LFS_9903$DEFAULTVIEW(1.0),13/10/21 23:00:00,A,PC,T,ED5-8,Y15-64,EL,2012,22.9,
ESTAT:EDAT_LFS_9903$DEFAULTVIEW(1.0),13/10/21 23:00:00,A,PC,T,ED5-8,Y15-64,EL,2013,24.0,
ESTAT:EDAT_LFS_9903$DEFAULTVIEW(1.0),13/10/21 23:00:00,A,PC,T,ED5-8,Y15-64,EL,2014,24.6,b
ESTAT:EDAT_LFS_9903$DEFAULTVIEW(1.0),13/10/21 23:00:00,A,PC,T,ED5-8,Y15-64,EL,2015,25.4,
ESTAT:EDAT_LFS_9903$DEFAULTVIEW(1.0),13/10/21 23:00:00,A,PC,T,ED5-8,Y15-64,EL,2016,26.4,
ESTAT:EDAT_LFS_9903$DEFAULTVIEW(1.0),13/10/21 23:00:00,A,PC,T,ED5-8,Y15-64,EL,2017,27.2,
ESTAT:EDAT_LFS_9903$DEFAULTVIEW(1.0),13/10/21 23:00:00,A,PC,T,ED5-8,Y15-64,EL,2018,27.7,
ESTAT:EDAT_LFS_9903$DEFAULTVIEW(1.0),13/10/21 23:00:00,A,PC,T,ED5-8,Y15-64,EL,2019,27.8,
ESTAT:EDAT_LFS_9903$DEFAULTVIEW(1.0),13/10/21 23:00:00,A,PC,T,ED5-8,Y15-64,EL,2020,28.5,
ESTAT:EDAT_LFS_9903$DEFAULTVIEW(1.0),13/10/21 23:00:00,A,PC,T,ED5-8,Y15-64,ES,2011,29.3,
ESTAT:EDAT_LFS_9903$DEFAULTVIEW(1.0),13/10/21 23:00:00,A,PC,T,ED5-8,Y15-64,ES,2012,30.0,
ESTAT:EDAT_LFS_9903$DEFAULTVIEW(1.0),13/10/21 23:00:00,A,PC,T,ED5-8,Y15-64,ES,2013,30.9,
ESTAT:EDAT_LFS_9903$DEFAULTVIEW(1.0),13/10/21 23:00:00,A,PC,T,ED5-8,Y15-64,ES,2014,31.7,b
ESTAT:EDAT_LFS_9903$DEFAULTVIEW(1.0),13/10/21 23:00:00,A,PC,T,ED5-8,Y15-64,ES,2015,32.1,
ESTAT:EDAT_LFS_9903$DEFAULTVIEW(1.0),13/10/21 23:00:00,A,PC,T,ED5-8,Y15-64,ES,2016,32.7,
ESTAT:EDAT_LFS_9903$DEFAULTVIEW(1.0),13/10/21 23:00:00,A,PC,T,ED5-8,Y15-64,ES,2017,33.2,
ESTAT:EDAT_LFS_9903$DEFAULTVIEW(1.0),13/10/21 23:00:00,A,PC,T,ED5-8,Y15-64,ES,2018,34.0,
ESTAT:EDAT_LFS_9903$DEFAULTVIEW(1.0),13/10/21 23:00:00,A,PC,T,ED5-8,Y15-64,ES,2019,35.1,
ESTAT:EDAT_LFS_9903$DEFAULTVIEW(1.0),13/10/21 23:00:00,A,PC,T,ED5-8,Y15-64,ES,2020,36.0,
ESTAT:EDAT_LFS_9903$DEFAULTVIEW(1.0),13/10/21 23:00:00,A,PC,T,ED5-8,Y15-64,EU15,2011,25.2,
ESTAT:EDAT_LFS_9903$DEFAULTVIEW(1.0),13/10/21 23:00:00,A,PC,T,ED5-8,Y15-64,EU15,2012,26.1,
ESTAT:EDAT_LFS_9903$DEFAULTVIEW(1.0),13/10/21 23:00:00,A,PC,T,ED5-8,Y15-64,EU15,2013,26.9,
ESTAT:EDAT_LFS_9903$DEFAULTVIEW(1.0),13/10/21 23:00:00,A,PC,T,ED5-8,Y15-64,EU15,2014,27.3,b
ESTAT:EDAT_LFS_9903$DEFAULTVIEW(1.0),13/10/21 23:00:00,A,PC,T,ED5-8,Y15-64,EU15,2015,28.0,
ESTAT:EDAT_LFS_9903$DEFAULTVIEW(1.0),13/10/21 23:00:00,A,PC,T,ED5-8,Y15-64,EU15,2016,28.6,
ESTAT:EDAT_LFS_9903$DEFAULTVIEW(1.0),13/10/21 23:00:00,A,PC,T,ED5-8,Y15-64,EU15,2017,29.2,
ESTAT:EDAT_LFS_9903$DEFAULTVIEW(1.0),13/10/21 23:00:00,A,PC,T,ED5-8,Y15-64,EU15,2018,29.9,
ESTAT:EDAT_LFS_9903$DEFAULTVIEW(1.0),13/10/21 23:00:00,A,PC,T,ED5-8,Y15-64,EU15,2019,30.8,
ESTAT:EDAT_LFS_9903$DEFAULTVIEW(1.0),13/10/21 23:00:00,A,PC,T,ED5-8,Y15-64,EU27_2020,2011,22.4,
ESTAT:EDAT_LFS_9903$DEFAULTVIEW(1.0),13/10/21 23:00:00,A,PC,T,ED5-8,Y15-64,EU27_2020,2012,23.2,
ESTAT:EDAT_LFS_9903$DEFAULTVIEW(1.0),13/10/21 23:00:00,A,PC,T,ED5-8,Y15-64,EU27_2020,2013,24.0,
ESTAT:EDAT_LFS_9903$DEFAULTVIEW(1.0),13/10/21 23:00:00,A,PC,T,ED5-8,Y15-64,EU27_2020,2014,24.5,b
ESTAT:EDAT_LFS_9903$DEFAULTVIEW(1.0),13/10/21 23:00:00,A,PC,T,ED5-8,Y15-64,EU27_2020,2015,25.2,
ESTAT:EDAT_LFS_9903$DEFAULTVIEW(1.0),13/10/21 23:00:00,A,PC,T,ED5-8,Y15-64,EU27_2020,2016,25.7,
ESTAT:EDAT_LFS_9903$DEFAULTVIEW(1.0),13/10/21 23:00:00,A,PC,T,ED5-8,Y15-64,EU27_2020,2017,26.4,
ESTAT:EDAT_LFS_9903$DEFAULTVIEW(1.0),13/10/21 23:00:00,A,PC,T,ED5-8,Y15-64,EU27_2020,2018,27.1,
ESTAT:EDAT_LFS_9903$DEFAULTVIEW(1.0),13/10/21 23:00:00,A,PC,T,ED5-8,Y15-64,EU27_2020,2019,27.9,
ESTAT:EDAT_LFS_9903$DEFAULTVIEW(1.0),13/10/21 23:00:00,A,PC,T,ED5-8,Y15-64,EU27_2020,2020,29.0,
ESTAT:EDAT_LFS_9903$DEFAULTVIEW(1.0),13/10/21 23:00:00,A,PC,T,ED5-8,Y15-64,EU28,2011,23.7,
ESTAT:EDAT_LFS_9903$DEFAULTVIEW(1.0),13/10/21 23:00:00,A,PC,T,ED5-8,Y15-64,EU28,2012,24.6,
ESTAT:EDAT_LFS_9903$DEFAULTVIEW(1.0),13/10/21 23:00:00,A,PC,T,ED5-8,Y15-64,EU28,2013,25.4,
ESTAT:EDAT_LFS_9903$DEFAULTVIEW(1.0),13/10/21 23:00:00,A,PC,T,ED5-8,Y15-64,EU28,2014,26.0,b
ESTAT:EDAT_LFS_9903$DEFAULTVIEW(1.0),13/10/21 23:00:00,A,PC,T,ED5-8,Y15-64,EU28,2015,26.7,
ESTAT:EDAT_LFS_9903$DEFAULTVIEW(1.0),13/10/21 23:00:00,A,PC,T,ED5-8,Y15-64,EU28,2016,27.3,
ESTAT:EDAT_LFS_9903$DEFAULTVIEW(1.0),13/10/21 23:00:00,A,PC,T,ED5-8,Y15-64,EU28,2017,27.9,
ESTAT:EDAT_LFS_9903$DEFAULTVIEW(1.0),13/10/21 23:00:00,A,PC,T,ED5-8,Y15-64,EU28,2018,28.7,
ESTAT:EDAT_LFS_9903$DEFAULTVIEW(1.0),13/10/21 23:00:00,A,PC,T,ED5-8,Y15-64,EU28,2019,29.5,
ESTAT:EDAT_LFS_9903$DEFAULTVIEW(1.0),13/10/21 23:00:00,A,PC,T,ED5-8,Y15-64,FI,2011,32.5,
ESTAT:EDAT_LFS_9903$DEFAULTVIEW(1.0),13/10/21 23:00:00,A,PC,T,ED5-8,Y15-64,FI,2012,32.8,
ESTAT:EDAT_LFS_9903$DEFAULTVIEW(1.0),13/10/21 23:00:00,A,PC,T,ED5-8,Y15-64,FI,2013,33.6,
ESTAT:EDAT_LFS_9903$DEFAULTVIEW(1.0),13/10/21 23:00:00,A,PC,T,ED5-8,Y15-64,FI,2014,34.7,b
ESTAT:EDAT_LFS_9903$DEFAULTVIEW(1.0),13/10/21 23:00:00,A,PC,T,ED5-8,Y15-64,FI,2015,35.5,
ESTAT:EDAT_LFS_9903$DEFAULTVIEW(1.0),13/10/21 23:00:00,A,PC,T,ED5-8,Y15-64,FI,2016,35.9,
ESTAT:EDAT_LFS_9903$DEFAULTVIEW(1.0),13/10/21 23:00:00,A,PC,T,ED5-8,Y15-64,FI,2017,36.4,
ESTAT:EDAT_LFS_9903$DEFAULTVIEW(1.0),13/10/21 23:00:00,A,PC,T,ED5-8,Y15-64,FI,2018,37.3,
ESTAT:EDAT_LFS_9903$DEFAULTVIEW(1.0),13/10/21 23:00:00,A,PC,T,ED5-8,Y15-64,FI,2019,38.5,
ESTAT:EDAT_LFS_9903$DEFAULTVIEW(1.0),13/10/21 23:00:00,A,PC,T,ED5-8,Y15-64,FI,2020,39.8,
ESTAT:EDAT_LFS_9903$DEFAULTVIEW(1.0),13/10/21 23:00:00,A,PC,T,ED5-8,Y15-64,FR,2011,26.7,
ESTAT:EDAT_LFS_9903$DEFAULTVIEW(1.0),13/10/21 23:00:00,A,PC,T,ED5-8,Y15-64,FR,2012,27.7,
ESTAT:EDAT_LFS_9903$DEFAULTVIEW(1.0),13/10/21 23:00:00,A,PC,T,ED5-8,Y15-64,FR,2013,28.9,b
ESTAT:EDAT_LFS_9903$DEFAULTVIEW(1.0),13/10/21 23:00:00,A,PC,T,ED5-8,Y15-64,FR,2014,29.8,b
ESTAT:EDAT_LFS_9903$DEFAULTVIEW(1.0),13/10/21 23:00:00,A,PC,T,ED5-8,Y15-64,FR,2015,30.5,
ESTAT:EDAT_LFS_9903$DEFAULTVIEW(1.0),13/10/21 23:00:00,A,PC,T,ED5-8,Y15-64,FR,2016,30.9,
ESTAT:EDAT_LFS_9903$DEFAULTVIEW(1.0),13/10/21 23:00:00,A,PC,T,ED5-8,Y15-64,FR,2017,31.4,
ESTAT:EDAT_LFS_9903$DEFAULTVIEW(1.0),13/10/21 23:00:00,A,PC,T,ED5-8,Y15-64,FR,2018,32.8,
ESTAT:EDAT_LFS_9903$DEFAULTVIEW(1.0),13/10/21 23:00:00,A,PC,T,ED5-8,Y15-64,FR,2019,33.8,
ESTAT:EDAT_LFS_9903$DEFAULTVIEW(1.0),13/10/21 23:00:00,A,PC,T,ED5-8,Y15-64,FR,2020,35.3,
ESTAT:EDAT_LFS_9903$DEFAULTVIEW(1.0),13/10/21 23:00:00,A,PC,T,ED5-8,Y15-64,HR,2011,15.4,
ESTAT:EDAT_LFS_9903$DEFAULTVIEW(1.0),13/10/21 23:00:00,A,PC,T,ED5-8,Y15-64,HR,2012,15.8,
ESTAT:EDAT_LFS_9903$DEFAULTVIEW(1.0),13/10/21 23:00:00,A,PC,T,ED5-8,Y15-64,HR,2013,17.0,
ESTAT:EDAT_LFS_9903$DEFAULTVIEW(1.0),13/10/21 23:00:00,A,PC,T,ED5-8,Y15-64,HR,2014,18.5,b
ESTAT:EDAT_LFS_9903$DEFAULTVIEW(1.0),13/10/21 23:00:00,A,PC,T,ED5-8,Y15-64,HR,2015,19.7,
ESTAT:EDAT_LFS_9903$DEFAULTVIEW(1.0),13/10/21 23:00:00,A,PC,T,ED5-8,Y15-64,HR,2016,20.0,
ESTAT:EDAT_LFS_9903$DEFAULTVIEW(1.0),13/10/21 23:00:00,A,PC,T,ED5-8,Y15-64,HR,2017,20.6,
ESTAT:EDAT_LFS_9903$DEFAULTVIEW(1.0),13/10/21 23:00:00,A,PC,T,ED5-8,Y15-64,HR,2018,22.0,
ESTAT:EDAT_LFS_9903$DEFAULTVIEW(1.0),13/10/21 23:00:00,A,PC,T,ED5-8,Y15-64,HR,2019,22.0,
ESTAT:EDAT_LFS_9903$DEFAULTVIEW(1.0),13/10/21 23:00:00,A,PC,T,ED5-8,Y15-64,HR,2020,22.0,
ESTAT:EDAT_LFS_9903$DEFAULTVIEW(1.0),13/10/21 23:00:00,A,PC,T,ED5-8,Y15-64,HU,2011,18.0,
ESTAT:EDAT_LFS_9903$DEFAULTVIEW(1.0),13/10/21 23:00:00,A,PC,T,ED5-8,Y15-64,HU,2012,19.0,
ESTAT:EDAT_LFS_9903$DEFAULTVIEW(1.0),13/10/21 23:00:00,A,PC,T,ED5-8,Y15-64,HU,2013,19.5,
ESTAT:EDAT_LFS_9903$DEFAULTVIEW(1.0),13/10/21 23:00:00,A,PC,T,ED5-8,Y15-64,HU,2014,20.2,b
ESTAT:EDAT_LFS_9903$DEFAULTVIEW(1.0),13/10/21 23:00:00,A,PC,T,ED5-8,Y15-64,HU,2015,20.9,
ESTAT:EDAT_LFS_9903$DEFAULTVIEW(1.0),13/10/21 23:00:00,A,PC,T,ED5-8,Y15-64,HU,2016,20.6,
ESTAT:EDAT_LFS_9903$DEFAULTVIEW(1.0),13/10/21 23:00:00,A,PC,T,ED5-8,Y15-64,HU,2017,20.9,
ESTAT:EDAT_LFS_9903$DEFAULTVIEW(1.0),13/10/21 23:00:00,A,PC,T,ED5-8,Y15-64,HU,2018,21.7,
ESTAT:EDAT_LFS_9903$DEFAULTVIEW(1.0),13/10/21 23:00:00,A,PC,T,ED5-8,Y15-64,HU,2019,22.5,
ESTAT:EDAT_LFS_9903$DEFAULTVIEW(1.0),13/10/21 23:00:00,A,PC,T,ED5-8,Y15-64,HU,2020,23.6,
ESTAT:EDAT_LFS_9903$DEFAULTVIEW(1.0),13/10/21 23:00:00,A,PC,T,ED5-8,Y15-64,IE,2011,34.4,
ESTAT:EDAT_LFS_9903$DEFAULTVIEW(1.0),13/10/21 23:00:00,A,PC,T,ED5-8,Y15-64,IE,2012,35.7,
ESTAT:EDAT_LFS_9903$DEFAULTVIEW(1.0),13/10/21 23:00:00,A,PC,T,ED5-8,Y15-64,IE,2013,37.3,
ESTAT:EDAT_LFS_9903$DEFAULTVIEW(1.0),13/10/21 23:00:00,A,PC,T,ED5-8,Y15-64,IE,2014,38.0,b
ESTAT:EDAT_LFS_9903$DEFAULTVIEW(1.0),13/10/21 23:00:00,A,PC,T,ED5-8,Y15-64,IE,2015,39.0,
ESTAT:EDAT_LFS_9903$DEFAULTVIEW(1.0),13/10/21 23:00:00,A,PC,T,ED5-8,Y15-64,IE,2016,39.5,
ESTAT:EDAT_LFS_9903$DEFAULTVIEW(1.0),13/10/21 23:00:00,A,PC,T,ED5-8,Y15-64,IE,2017,40.4,b
ESTAT:EDAT_LFS_9903$DEFAULTVIEW(1.0),13/10/21 23:00:00,A,PC,T,ED5-8,Y15-64,IE,2018,40.5,
ESTAT:EDAT_LFS_9903$DEFAULTVIEW(1.0),13/10/21 23:00:00,A,PC,T,ED5-8,Y15-64,IE,2019,40.7,
ESTAT:EDAT_LFS_9903$DEFAULTVIEW(1.0),13/10/21 23:00:00,A,PC,T,ED5-8,Y15-64,IE,2020,42.8,
ESTAT:EDAT_LFS_9903$DEFAULTVIEW(1.0),13/10/21 23:00:00,A,PC,T,ED5-8,Y15-64,IS,2011,27.4,
ESTAT:EDAT_LFS_9903$DEFAULTVIEW(1.0),13/10/21 23:00:00,A,PC,T,ED5-8,Y15-64,IS,2012,28.5,
ESTAT:EDAT_LFS_9903$DEFAULTVIEW(1.0),13/10/21 23:00:00,A,PC,T,ED5-8,Y15-64,IS,2013,29.3,
ESTAT:EDAT_LFS_9903$DEFAULTVIEW(1.0),13/10/21 23:00:00,A,PC,T,ED5-8,Y15-64,IS,2014,30.2,b
ESTAT:EDAT_LFS_9903$DEFAULTVIEW(1.0),13/10/21 23:00:00,A,PC,T,ED5-8,Y15-64,IS,2015,31.7,
ESTAT:EDAT_LFS_9903$DEFAULTVIEW(1.0),13/10/21 23:00:00,A,PC,T,ED5-8,Y15-64,IS,2016,33.4,
ESTAT:EDAT_LFS_9903$DEFAULTVIEW(1.0),13/10/21 23:00:00,A,PC,T,ED5-8,Y15-64,IS,2017,35.3,
ESTAT:EDAT_LFS_9903$DEFAULTVIEW(1.0),13/10/21 23:00:00,A,PC,T,ED5-8,Y15-64,IS,2018,36.5,
ESTAT:EDAT_LFS_9903$DEFAULTVIEW(1.0),13/10/21 23:00:00,A,PC,T,ED5-8,Y15-64,IS,2019,37.7,
ESTAT:EDAT_LFS_9903$DEFAULTVIEW(1.0),13/10/21 23:00:00,A,PC,T,ED5-8,Y15-64,IS,2020,36.8,b
ESTAT:EDAT_LFS_9903$DEFAULTVIEW(1.0),13/10/21 23:00:00,A,PC,T,ED5-8,Y15-64,IT,2011,13.2,
ESTAT:EDAT_LFS_9903$DEFAULTVIEW(1.0),13/10/21 23:00:00,A,PC,T,ED5-8,Y15-64,IT,2012,13.9,
ESTAT:EDAT_LFS_9903$DEFAULTVIEW(1.0),13/10/21 23:00:00,A,PC,T,ED5-8,Y15-64,IT,2013,14.4,
ESTAT:EDAT_LFS_9903$DEFAULTVIEW(1.0),13/10/21 23:00:00,A,PC,T,ED5-8,Y15-64,IT,2014,15.0,b
ESTAT:EDAT_LFS_9903$DEFAULTVIEW(1.0),13/10/21 23:00:00,A,PC,T,ED5-8,Y15-64,IT,2015,15.5,
ESTAT:EDAT_LFS_9903$DEFAULTVIEW(1.0),13/10/21 23:00:00,A,PC,T,ED5-8,Y15-64,IT,2016,15.7,
ESTAT:EDAT_LFS_9903$DEFAULTVIEW(1.0),13/10/21 23:00:00,A,PC,T,ED5-8,Y15-64,IT,2017,16.5,
ESTAT:EDAT_LFS_9903$DEFAULTVIEW(1.0),13/10/21 23:00:00,A,PC,T,ED5-8,Y15-64,IT,2018,17.1,
ESTAT:EDAT_LFS_9903$DEFAULTVIEW(1.0),13/10/21 23:00:00,A,PC,T,ED5-8,Y15-64,IT,2019,17.4,
ESTAT:EDAT_LFS_9903$DEFAULTVIEW(1.0),13/10/21 23:00:00,A,PC,T,ED5-8,Y15-64,IT,2020,17.9,
ESTAT:EDAT_LFS_9903$DEFAULTVIEW(1.0),13/10/21 23:00:00,A,PC,T,ED5-8,Y15-64,LT,2011,27.9,
ESTAT:EDAT_LFS_9903$DEFAULTVIEW(1.0),13/10/21 23:00:00,A,PC,T,ED5-8,Y15-64,LT,2012,28.6,
ESTAT:EDAT_LFS_9903$DEFAULTVIEW(1.0),13/10/21 23:00:00,A,PC,T,ED5-8,Y15-64,LT,2013,29.8,
ESTAT:EDAT_LFS_9903$DEFAULTVIEW(1.0),13/10/21 23:00:00,A,PC,T,ED5-8,Y15-64,LT,2014,31.4,b
ESTAT:EDAT_LFS_9903$DEFAULTVIEW(1.0),13/10/21 23:00:00,A,PC,T,ED5-8,Y15-64,LT,2015,33.2,
ESTAT:EDAT_LFS_9903$DEFAULTVIEW(1.0),13/10/21 23:00:00,A,PC,T,ED5-8,Y15-64,LT,2016,34.1,
ESTAT:EDAT_LFS_9903$DEFAULTVIEW(1.0),13/10/21 23:00:00,A,PC,T,ED5-8,Y15-64,LT,2017,34.8,
ESTAT:EDAT_LFS_9903$DEFAULTVIEW(1.0),13/10/21 23:00:00,A,PC,T,ED5-8,Y15-64,LT,2018,36.1,
ESTAT:EDAT_LFS_9903$DEFAULTVIEW(1.0),13/10/21 23:00:00,A,PC,T,ED5-8,Y15-64,LT,2019,37.9,
ESTAT:EDAT_LFS_9903$DEFAULTVIEW(1.0),13/10/21 23:00:00,A,PC,T,ED5-8,Y15-64,LT,2020,38.7,
ESTAT:EDAT_LFS_9903$DEFAULTVIEW(1.0),13/10/21 23:00:00,A,PC,T,ED5-8,Y15-64,LU,2011,31.7,
ESTAT:EDAT_LFS_9903$DEFAULTVIEW(1.0),13/10/21 23:00:00,A,PC,T,ED5-8,Y15-64,LU,2012,33.4,
ESTAT:EDAT_LFS_9903$DEFAULTVIEW(1.0),13/10/21 23:00:00,A,PC,T,ED5-8,Y15-64,LU,2013,35.2,
ESTAT:EDAT_LFS_9903$DEFAULTVIEW(1.0),13/10/21 23:00:00,A,PC,T,ED5-8,Y15-64,LU,2014,39.6,b
ESTAT:EDAT_LFS_9903$DEFAULTVIEW(1.0),13/10/21 23:00:00,A,PC,T,ED5-8,Y15-64,LU,2015,35.2,b
ESTAT:EDAT_LFS_9903$DEFAULTVIEW(1.0),13/10/21 23:00:00,A,PC,T,ED5-8,Y15-64,LU,2016,36.4,u
ESTAT:EDAT_LFS_9903$DEFAULTVIEW(1.0),13/10/21 23:00:00,A,PC,T,ED5-8,Y15-64,LU,2017,34.1,u
ESTAT:EDAT_LFS_9903$DEFAULTVIEW(1.0),13/10/21 23:00:00,A,PC,T,ED5-8,Y15-64,LU,2018,38.3,
ESTAT:EDAT_LFS_9903$DEFAULTVIEW(1.0),13/10/21 23:00:00,A,PC,T,ED5-8,Y15-64,LU,2019,41.0,
ESTAT:EDAT_LFS_9903$DEFAULTVIEW(1.0),13/10/21 23:00:00,A,PC,T,ED5-8,Y15-64,LU,2020,40.9,
ESTAT:EDAT_LFS_9903$DEFAULTVIEW(1.0),13/10/21 23:00:00,A,PC,T,ED5-8,Y15-64,LV,2011,23.6,
ESTAT:EDAT_LFS_9903$DEFAULTVIEW(1.0),13/10/21 23:00:00,A,PC,T,ED5-8,Y15-64,LV,2012,25.2,
ESTAT:EDAT_LFS_9903$DEFAULTVIEW(1.0),13/10/21 23:00:00,A,PC,T,ED5-8,Y15-64,LV,2013,27.0,
ESTAT:EDAT_LFS_9903$DEFAULTVIEW(1.0),13/10/21 23:00:00,A,PC,T,ED5-8,Y15-64,LV,2014,26.9,b
ESTAT:EDAT_LFS_9903$DEFAULTVIEW(1.0),13/10/21 23:00:00,A,PC,T,ED5-8,Y15-64,LV,2015,28.1,
ESTAT:EDAT_LFS_9903$DEFAULTVIEW(1.0),13/10/21 23:00:00,A,PC,T,ED5-8,Y15-64,LV,2016,29.5,
ESTAT:EDAT_LFS_9903$DEFAULTVIEW(1.0),13/10/21 23:00:00,A,PC,T,ED5-8,Y15-64,LV,2017,30.0,
ESTAT:EDAT_LFS_9903$DEFAULTVIEW(1.0),13/10/21 23:00:00,A,PC,T,ED5-8,Y15-64,LV,2018,30.1,
ESTAT:EDAT_LFS_9903$DEFAULTVIEW(1.0),13/10/21 23:00:00,A,PC,T,ED5-8,Y15-64,LV,2019,31.4,
ESTAT:EDAT_LFS_9903$DEFAULTVIEW(1.0),13/10/21 23:00:00,A,PC,T,ED5-8,Y15-64,LV,2020,33.2,
ESTAT:EDAT_LFS_9903$DEFAULTVIEW(1.0),13/10/21 23:00:00,A,PC,T,ED5-8,Y15-64,ME,2011,16.4,
ESTAT:EDAT_LFS_9903$DEFAULTVIEW(1.0),13/10/21 23:00:00,A,PC,T,ED5-8,Y15-64,ME,2012,17.6,
ESTAT:EDAT_LFS_9903$DEFAULTVIEW(1.0),13/10/21 23:00:00,A,PC,T,ED5-8,Y15-64,ME,2013,18.4,
ESTAT:EDAT_LFS_9903$DEFAULTVIEW(1.0),13/10/21 23:00:00,A,PC,T,ED5-8,Y15-64,ME,2014,20.2,b
ESTAT:EDAT_LFS_9903$DEFAULTVIEW(1.0),13/10/21 23:00:00,A,PC,T,ED5-8,Y15-64,ME,2015,20.0,
ESTAT:EDAT_LFS_9903$DEFAULTVIEW(1.0),13/10/21 23:00:00,A,PC,T,ED5-8,Y15-64,ME,2016,21.2,
ESTAT:EDAT_LFS_9903$DEFAULTVIEW(1.0),13/10/21 23:00:00,A,PC,T,ED5-8,Y15-64,ME,2017,20.6,
ESTAT:EDAT_LFS_9903$DEFAULTVIEW(1.0),13/10/21 23:00:00,A,PC,T,ED5-8,Y15-64,ME,2018,20.3,
ESTAT:EDAT_LFS_9903$DEFAULTVIEW(1.0),13/10/21 23:00:00,A,PC,T,ED5-8,Y15-64,ME,2019,21.8,
ESTAT:EDAT_LFS_9903$DEFAULTVIEW(1.0),13/10/21 23:00:00,A,PC,T,ED5-8,Y15-64,ME,2020,21.8,
ESTAT:EDAT_LFS_9903$DEFAULTVIEW(1.0),13/10/21 23:00:00,A,PC,T,ED5-8,Y15-64,MK,2011,15.0,
ESTAT:EDAT_LFS_9903$DEFAULTVIEW(1.0),13/10/21 23:00:00,A,PC,T,ED5-8,Y15-64,MK,2012,15.7,
ESTAT:EDAT_LFS_9903$DEFAULTVIEW(1.0),13/10/21 23:00:00,A,PC,T,ED5-8,Y15-64,MK,2013,15.1,
ESTAT:EDAT_LFS_9903$DEFAULTVIEW(1.0),13/10/21 23:00:00,A,PC,T,ED5-8,Y15-64,MK,2014,15.2,b
ESTAT:EDAT_LFS_9903$DEFAULTVIEW(1.0),13/10/21 23:00:00,A,PC,T,ED5-8,Y15-64,MK,2015,16.2,
ESTAT:EDAT_LFS_9903$DEFAULTVIEW(1.0),13/10/21 23:00:00,A,PC,T,ED5-8,Y15-64,MK,2016,17.9,
ESTAT:EDAT_LFS_9903$DEFAULTVIEW(1.0),13/10/21 23:00:00,A,PC,T,ED5-8,Y15-64,MK,2017,18.0,
ESTAT:EDAT_LFS_9903$DEFAULTVIEW(1.0),13/10/21 23:00:00,A,PC,T,ED5-8,Y15-64,MK,2018,17.6,
ESTAT:EDAT_LFS_9903$DEFAULTVIEW(1.0),13/10/21 23:00:00,A,PC,T,ED5-8,Y15-64,MK,2019,18.3,
ESTAT:EDAT_LFS_9903$DEFAULTVIEW(1.0),13/10/21 23:00:00,A,PC,T,ED5-8,Y15-64,MK,2020,20.0,
ESTAT:EDAT_LFS_9903$DEFAULTVIEW(1.0),13/10/21 23:00:00,A,PC,T,ED5-8,Y15-64,MT,2011,15.1,b
ESTAT:EDAT_LFS_9903$DEFAULTVIEW(1.0),13/10/21 23:00:00,A,PC,T,ED5-8,Y15-64,MT,2012,16.6,
ESTAT:EDAT_LFS_9903$DEFAULTVIEW(1.0),13/10/21 23:00:00,A,PC,T,ED5-8,Y15-64,MT,2013,17.9,
ESTAT:EDAT_LFS_9903$DEFAULTVIEW(1.0),13/10/21 23:00:00,A,PC,T,ED5-8,Y15-64,MT,2014,19.4,b
ESTAT:EDAT_LFS_9903$DEFAULTVIEW(1.0),13/10/21 23:00:00,A,PC,T,ED5-8,Y15-64,MT,2015,19.9,
ESTAT:EDAT_LFS_9903$DEFAULTVIEW(1.0),13/10/21 23:00:00,A,PC,T,ED5-8,Y15-64,MT,2016,20.3,
ESTAT:EDAT_LFS_9903$DEFAULTVIEW(1.0),13/10/21 23:00:00,A,PC,T,ED5-8,Y15-64,MT,2017,22.1,
ESTAT:EDAT_LFS_9903$DEFAULTVIEW(1.0),13/10/21 23:00:00,A,PC,T,ED5-8,Y15-64,MT,2018,24.6,
ESTAT:EDAT_LFS_9903$DEFAULTVIEW(1.0),13/10/21 23:00:00,A,PC,T,ED5-8,Y15-64,MT,2019,27.0,
ESTAT:EDAT_LFS_9903$DEFAULTVIEW(1.0),13/10/21 23:00:00,A,PC,T,ED5-8,Y15-64,MT,2020,28.1,
ESTAT:EDAT_LFS_9903$DEFAULTVIEW(1.0),13/10/21 23:00:00,A,PC,T,ED5-8,Y15-64,NL,2011,28.0,b
ESTAT:EDAT_LFS_9903$DEFAULTVIEW(1.0),13/10/21 23:00:00,A,PC,T,ED5-8,Y15-64,NL,2012,28.6,
ESTAT:EDAT_LFS_9903$DEFAULTVIEW(1.0),13/10/21 23:00:00,A,PC,T,ED5-8,Y15-64,NL,2013,29.3,b
ESTAT:EDAT_LFS_9903$DEFAULTVIEW(1.0),13/10/21 23:00:00,A,PC,T,ED5-8,Y15-64,NL,2014,29.7,b
ESTAT:EDAT_LFS_9903$DEFAULTVIEW(1.0),13/10/21 23:00:00,A,PC,T,ED5-8,Y15-64,NL,2015,30.5,
ESTAT:EDAT_LFS_9903$DEFAULTVIEW(1.0),13/10/21 23:00:00,A,PC,T,ED5-8,Y15-64,NL,2016,31.0,
ESTAT:EDAT_LFS_9903$DEFAULTVIEW(1.0),13/10/21 23:00:00,A,PC,T,ED5-8,Y15-64,NL,2017,32.1,
ESTAT:EDAT_LFS_9903$DEFAULTVIEW(1.0),13/10/21 23:00:00,A,PC,T,ED5-8,Y15-64,NL,2018,33.0,
ESTAT:EDAT_LFS_9903$DEFAULTVIEW(1.0),13/10/21 23:00:00,A,PC,T,ED5-8,Y15-64,NL,2019,34.8,b
ESTAT:EDAT_LFS_9903$DEFAULTVIEW(1.0),13/10/21 23:00:00,A,PC,T,ED5-8,Y15-64,NL,2020,36.6,
ESTAT:EDAT_LFS_9903$DEFAULTVIEW(1.0),13/10/21 23:00:00,A,PC,T,ED5-8,Y15-64,NO,2011,32.1,
ESTAT:EDAT_LFS_9903$DEFAULTVIEW(1.0),13/10/21 23:00:00,A,PC,T,ED5-8,Y15-64,NO,2012,33.0,
ESTAT:EDAT_LFS_9903$DEFAULTVIEW(1.0),13/10/21 23:00:00,A,PC,T,ED5-8,Y15-64,NO,2013,34.2,
ESTAT:EDAT_LFS_9903$DEFAULTVIEW(1.0),13/10/21 23:00:00,A,PC,T,ED5-8,Y15-64,NO,2014,36.1,b
ESTAT:EDAT_LFS_9903$DEFAULTVIEW(1.0),13/10/21 23:00:00,A,PC,T,ED5-8,Y15-64,NO,2015,36.7,
ESTAT:EDAT_LFS_9903$DEFAULTVIEW(1.0),13/10/21 23:00:00,A,PC,T,ED5-8,Y15-64,NO,2016,36.8,
ESTAT:EDAT_LFS_9903$DEFAULTVIEW(1.0),13/10/21 23:00:00,A,PC,T,ED5-8,Y15-64,NO,2017,36.8,
ESTAT:EDAT_LFS_9903$DEFAULTVIEW(1.0),13/10/21 23:00:00,A,PC,T,ED5-8,Y15-64,NO,2018,37.5,
ESTAT:EDAT_LFS_9903$DEFAULTVIEW(1.0),13/10/21 23:00:00,A,PC,T,ED5-8,Y15-64,NO,2019,37.7,
ESTAT:EDAT_LFS_9903$DEFAULTVIEW(1.0),13/10/21 23:00:00,A,PC,T,ED5-8,Y15-64,NO,2020,38.8,
ESTAT:EDAT_LFS_9903$DEFAULTVIEW(1.0),13/10/21 23:00:00,A,PC,T,ED5-8,Y15-64,PL,2011,20.3,
ESTAT:EDAT_LFS_9903$DEFAULTVIEW(1.0),13/10/21 23:00:00,A,PC,T,ED5-8,Y15-64,PL,2012,21.5,
ESTAT:EDAT_LFS_9903$DEFAULTVIEW(1.0),13/10/21 23:00:00,A,PC,T,ED5-8,Y15-64,PL,2013,22.6,
ESTAT:EDAT_LFS_9903$DEFAULTVIEW(1.0),13/10/21 23:00:00,A,PC,T,ED5-8,Y15-64,PL,2014,23.8,b
ESTAT:EDAT_LFS_9903$DEFAULTVIEW(1.0),13/10/21 23:00:00,A,PC,T,ED5-8,Y15-64,PL,2015,24.4,
ESTAT:EDAT_LFS_9903$DEFAULTVIEW(1.0),13/10/21 23:00:00,A,PC,T,ED5-8,Y15-64,PL,2016,25.2,
ESTAT:EDAT_LFS_9903$DEFAULTVIEW(1.0),13/10/21 23:00:00,A,PC,T,ED5-8,Y15-64,PL,2017,26.3,
ESTAT:EDAT_LFS_9903$DEFAULTVIEW(1.0),13/10/21 23:00:00,A,PC,T,ED5-8,Y15-64,PL,2018,27.2,
ESTAT:EDAT_LFS_9903$DEFAULTVIEW(1.0),13/10/21 23:00:00,A,PC,T,ED5-8,Y15-64,PL,2019,28.2,
ESTAT:EDAT_LFS_9903$DEFAULTVIEW(1.0),13/10/21 23:00:00,A,PC,T,ED5-8,Y15-64,PL,2020,28.9,
ESTAT:EDAT_LFS_9903$DEFAULTVIEW(1.0),13/10/21 23:00:00,A,PC,T,ED5-8,Y15-64,PT,2011,15.5,b
ESTAT:EDAT_LFS_9903$DEFAULTVIEW(1.0),13/10/21 23:00:00,A,PC,T,ED5-8,Y15-64,PT,2012,16.7,
ESTAT:EDAT_LFS_9903$DEFAULTVIEW(1.0),13/10/21 23:00:00,A,PC,T,ED5-8,Y15-64,PT,2013,17.6,
ESTAT:EDAT_LFS_9903$DEFAULTVIEW(1.0),13/10/21 23:00:00,A,PC,T,ED5-8,Y15-64,PT,2014,19.7,b
ESTAT:EDAT_LFS_9903$DEFAULTVIEW(1.0),13/10/21 23:00:00,A,PC,T,ED5-8,Y15-64,PT,2015,20.7,
ESTAT:EDAT_LFS_9903$DEFAULTVIEW(1.0),13/10/21 23:00:00,A,PC,T,ED5-8,Y15-64,PT,2016,21.5,
ESTAT:EDAT_LFS_9903$DEFAULTVIEW(1.0),13/10/21 23:00:00,A,PC,T,ED5-8,Y15-64,PT,2017,21.7,
ESTAT:EDAT_LFS_9903$DEFAULTVIEW(1.0),13/10/21 23:00:00,A,PC,T,ED5-8,Y15-64,PT,2018,22.5,
ESTAT:EDAT_LFS_9903$DEFAULTVIEW(1.0),13/10/21 23:00:00,A,PC,T,ED5-8,Y15-64,PT,2019,23.8,
ESTAT:EDAT_LFS_9903$DEFAULTVIEW(1.0),13/10/21 23:00:00,A,PC,T,ED5-8,Y15-64,PT,2020,25.4,
ESTAT:EDAT_LFS_9903$DEFAULTVIEW(1.0),13/10/21 23:00:00,A,PC,T,ED5-8,Y15-64,RO,2011,12.9,
ESTAT:EDAT_LFS_9903$DEFAULTVIEW(1.0),13/10/21 23:00:00,A,PC,T,ED5-8,Y15-64,RO,2012,13.5,
ESTAT:EDAT_LFS_9903$DEFAULTVIEW(1.0),13/10/21 23:00:00,A,PC,T,ED5-8,Y15-64,RO,2013,13.8,
ESTAT:EDAT_LFS_9903$DEFAULTVIEW(1.0),13/10/21 23:00:00,A,PC,T,ED5-8,Y15-64,RO,2014,14.2,b
ESTAT:EDAT_LFS_9903$DEFAULTVIEW(1.0),13/10/21 23:00:00,A,PC,T,ED5-8,Y15-64,RO,2015,15.0,
ESTAT:EDAT_LFS_9903$DEFAULTVIEW(1.0),13/10/21 23:00:00,A,PC,T,ED5-8,Y15-64,RO,2016,15.1,
ESTAT:EDAT_LFS_9903$DEFAULTVIEW(1.0),13/10/21 23:00:00,A,PC,T,ED5-8,Y15-64,RO,2017,15.3,
ESTAT:EDAT_LFS_9903$DEFAULTVIEW(1.0),13/10/21 23:00:00,A,PC,T,ED5-8,Y15-64,RO,2018,15.5,
ESTAT:EDAT_LFS_9903$DEFAULTVIEW(1.0),13/10/21 23:00:00,A,PC,T,ED5-8,Y15-64,RO,2019,16.0,
ESTAT:EDAT_LFS_9903$DEFAULTVIEW(1.0),13/10/21 23:00:00,A,PC,T,ED5-8,Y15-64,RO,2020,16.2,
ESTAT:EDAT_LFS_9903$DEFAULTVIEW(1.0),13/10/21 23:00:00,A,PC,T,ED5-8,Y15-64,RS,2011,15.0,
ESTAT:EDAT_LFS_9903$DEFAULTVIEW(1.0),13/10/21 23:00:00,A,PC,T,ED5-8,Y15-64,RS,2012,15.8,
ESTAT:EDAT_LFS_9903$DEFAULTVIEW(1.0),13/10/21 23:00:00,A,PC,T,ED5-8,Y15-64,RS,2013,16.8,
ESTAT:EDAT_LFS_9903$DEFAULTVIEW(1.0),13/10/21 23:00:00,A,PC,T,ED5-8,Y15-64,RS,2014,17.7,b
ESTAT:EDAT_LFS_9903$DEFAULTVIEW(1.0),13/10/21 23:00:00,A,PC,T,ED5-8,Y15-64,RS,2015,18.7,
ESTAT:EDAT_LFS_9903$DEFAULTVIEW(1.0),13/10/21 23:00:00,A,PC,T,ED5-8,Y15-64,RS,2016,19.4,
ESTAT:EDAT_LFS_9903$DEFAULTVIEW(1.0),13/10/21 23:00:00,A,PC,T,ED5-8,Y15-64,RS,2017,19.8,
ESTAT:EDAT_LFS_9903$DEFAULTVIEW(1.0),13/10/21 23:00:00,A,PC,T,ED5-8,Y15-64,RS,2018,20.4,
ESTAT:EDAT_LFS_9903$DEFAULTVIEW(1.0),13/10/21 23:00:00,A,PC,T,ED5-8,Y15-64,RS,2019,20.6,
ESTAT:EDAT_LFS_9903$DEFAULTVIEW(1.0),13/10/21 23:00:00,A,PC,T,ED5-8,Y15-64,RS,2020,21.0,
ESTAT:EDAT_LFS_9903$DEFAULTVIEW(1.0),13/10/21 23:00:00,A,PC,T,ED5-8,Y15-64,SE,2011,29.1,
ESTAT:EDAT_LFS_9903$DEFAULTVIEW(1.0),13/10/21 23:00:00,A,PC,T,ED5-8,Y15-64,SE,2012,30.1,
ESTAT:EDAT_LFS_9903$DEFAULTVIEW(1.0),13/10/21 23:00:00,A,PC,T,ED5-8,Y15-64,SE,2013,31.4,
ESTAT:EDAT_LFS_9903$DEFAULTVIEW(1.0),13/10/21 23:00:00,A,PC,T,ED5-8,Y15-64,SE,2014,32.8,b
ESTAT:EDAT_LFS_9903$DEFAULTVIEW(1.0),13/10/21 23:00:00,A,PC,T,ED5-8,Y15-64,SE,2015,34.0,
ESTAT:EDAT_LFS_9903$DEFAULTVIEW(1.0),13/10/21 23:00:00,A,PC,T,ED5-8,Y15-64,SE,2016,35.3,
ESTAT:EDAT_LFS_9903$DEFAULTVIEW(1.0),13/10/21 23:00:00,A,PC,T,ED5-8,Y15-64,SE,2017,36.0,
ESTAT:EDAT_LFS_9903$DEFAULTVIEW(1.0),13/10/21 23:00:00,A,PC,T,ED5-8,Y15-64,SE,2018,37.1,b
ESTAT:EDAT_LFS_9903$DEFAULTVIEW(1.0),13/10/21 23:00:00,A,PC,T,ED5-8,Y15-64,SE,2019,37.8,
ESTAT:EDAT_LFS_9903$DEFAULTVIEW(1.0),13/10/21 23:00:00,A,PC,T,ED5-8,Y15-64,SE,2020,38.3,
ESTAT:EDAT_LFS_9903$DEFAULTVIEW(1.0),13/10/21 23:00:00,A,PC,T,ED5-8,Y15-64,SI,2011,21.6,
ESTAT:EDAT_LFS_9903$DEFAULTVIEW(1.0),13/10/21 23:00:00,A,PC,T,ED5-8,Y15-64,SI,2012,23.0,
ESTAT:EDAT_LFS_9903$DEFAULTVIEW(1.0),13/10/21 23:00:00,A,PC,T,ED5-8,Y15-64,SI,2013,24.4,
ESTAT:EDAT_LFS_9903$DEFAULTVIEW(1.0),13/10/21 23:00:00,A,PC,T,ED5-8,Y15-64,SI,2014,25.1,b
ESTAT:EDAT_LFS_9903$DEFAULTVIEW(1.0),13/10/21 23:00:00,A,PC,T,ED5-8,Y15-64,SI,2015,26.6,
ESTAT:EDAT_LFS_9903$DEFAULTVIEW(1.0),13/10/21 23:00:00,A,PC,T,ED5-8,Y15-64,SI,2016,27.2,
ESTAT:EDAT_LFS_9903$DEFAULTVIEW(1.0),13/10/21 23:00:00,A,PC,T,ED5-8,Y15-64,SI,2017,28.7,
ESTAT:EDAT_LFS_9903$DEFAULTVIEW(1.0),13/10/21 23:00:00,A,PC,T,ED5-8,Y15-64,SI,2018,28.7,
ESTAT:EDAT_LFS_9903$DEFAULTVIEW(1.0),13/10/21 23:00:00,A,PC,T,ED5-8,Y15-64,SI,2019,29.3,
ESTAT:EDAT_LFS_9903$DEFAULTVIEW(1.0),13/10/21 23:00:00,A,PC,T,ED5-8,Y15-64,SI,2020,31.5,
ESTAT:EDAT_LFS_9903$DEFAULTVIEW(1.0),13/10/21 23:00:00,A,PC,T,ED5-8,Y15-64,SK,2011,16.4,b
ESTAT:EDAT_LFS_9903$DEFAULTVIEW(1.0),13/10/21 23:00:00,A,PC,T,ED5-8,Y15-64,SK,2012,17.0,
ESTAT:EDAT_LFS_9903$DEFAULTVIEW(1.0),13/10/21 23:00:00,A,PC,T,ED5-8,Y15-64,SK,2013,17.7,
ESTAT:EDAT_LFS_9903$DEFAULTVIEW(1.0),13/10/21 23:00:00,A,PC,T,ED5-8,Y15-64,SK,2014,18.1,b
ESTAT:EDAT_LFS_9903$DEFAULTVIEW(1.0),13/10/21 23:00:00,A,PC,T,ED5-8,Y15-64,SK,2015,18.9,
ESTAT:EDAT_LFS_9903$DEFAULTVIEW(1.0),13/10/21 23:00:00,A,PC,T,ED5-8,Y15-64,SK,2016,19.7,
ESTAT:EDAT_LFS_9903$DEFAULTVIEW(1.0),13/10/21 23:00:00,A,PC,T,ED5-8,Y15-64,SK,2017,20.7,
ESTAT:EDAT_LFS_9903$DEFAULTVIEW(1.0),13/10/21 23:00:00,A,PC,T,ED5-8,Y15-64,SK,2018,22.0,
ESTAT:EDAT_LFS_9903$DEFAULTVIEW(1.0),13/10/21 23:00:00,A,PC,T,ED5-8,Y15-64,SK,2019,23.1,
ESTAT:EDAT_LFS_9903$DEFAULTVIEW(1.0),13/10/21 23:00:00,A,PC,T,ED5-8,Y15-64,SK,2020,23.9,
ESTAT:EDAT_LFS_9903$DEFAULTVIEW(1.0),13/10/21 23:00:00,A,PC,T,ED5-8,Y15-64,TR,2011,11.3,
ESTAT:EDAT_LFS_9903$DEFAULTVIEW(1.0),13/10/21 23:00:00,A,PC,T,ED5-8,Y15-64,TR,2012,12.4,
ESTAT:EDAT_LFS_9903$DEFAULTVIEW(1.0),13/10/21 23:00:00,A,PC,T,ED5-8,Y15-64,TR,2013,13.0,
ESTAT:EDAT_LFS_9903$DEFAULTVIEW(1.0),13/10/21 23:00:00,A,PC,T,ED5-8,Y15-64,TR,2014,13.6,b
ESTAT:EDAT_LFS_9903$DEFAULTVIEW(1.0),13/10/21 23:00:00,A,PC,T,ED5-8,Y15-64,TR,2015,14.8,
ESTAT:EDAT_LFS_9903$DEFAULTVIEW(1.0),13/10/21 23:00:00,A,PC,T,ED5-8,Y15-64,TR,2016,16.0,
ESTAT:EDAT_LFS_9903$DEFAULTVIEW(1.0),13/10/21 23:00:00,A,PC,T,ED5-8,Y15-64,TR,2017,16.6,
ESTAT:EDAT_LFS_9903$DEFAULTVIEW(1.0),13/10/21 23:00:00,A,PC,T,ED5-8,Y15-64,TR,2018,17.3,
ESTAT:EDAT_LFS_9903$DEFAULTVIEW(1.0),13/10/21 23:00:00,A,PC,T,ED5-8,Y15-64,TR,2019,18.4,
ESTAT:EDAT_LFS_9903$DEFAULTVIEW(1.0),13/10/21 23:00:00,A,PC,T,ED5-8,Y15-64,TR,2020,19.7,
ESTAT:EDAT_LFS_9903$DEFAULTVIEW(1.0),13/10/21 23:00:00,A,PC,T,ED5-8,Y15-64,UK,2011,33.2,b
ESTAT:EDAT_LFS_9903$DEFAULTVIEW(1.0),13/10/21 23:00:00,A,PC,T,ED5-8,Y15-64,UK,2012,34.6,
ESTAT:EDAT_LFS_9903$DEFAULTVIEW(1.0),13/10/21 23:00:00,A,PC,T,ED5-8,Y15-64,UK,2013,35.6,
ESTAT:EDAT_LFS_9903$DEFAULTVIEW(1.0),13/10/21 23:00:00,A,PC,T,ED5-8,Y15-64,UK,2014,36.6,b
ESTAT:EDAT_LFS_9903$DEFAULTVIEW(1.0),13/10/21 23:00:00,A,PC,T,ED5-8,Y15-64,UK,2015,37.6,
ESTAT:EDAT_LFS_9903$DEFAULTVIEW(1.0),13/10/21 23:00:00,A,PC,T,ED5-8,Y15-64,UK,2016,38.3,
ESTAT:EDAT_LFS_9903$DEFAULTVIEW(1.0),13/10/21 23:00:00,A,PC,T,ED5-8,Y15-64,UK,2017,38.7,
ESTAT:EDAT_LFS_9903$DEFAULTVIEW(1.0),13/10/21 23:00:00,A,PC,T,ED5-8,Y15-64,UK,2018,39.3,
ESTAT:EDAT_LFS_9903$DEFAULTVIEW(1.0),13/10/21 23:00:00,A,PC,T,ED5-8,Y15-64,UK,2019,40.6,
